scenario,method,energy_cost_yuan,soc_restoration_cost_yuan,equivalent_cost_yuan,risk_adjusted_cost_yuan,grid_energy_kwh,generator_energy_kwh,diesel_fuel_l,generator_startup_cost_yuan,storage_throughput_kwh,unserved_energy_kwh,max_unserved_power_kw,spill_energy_kwh,minimum_soc_pct,final_soc_pct,restoration_reference_soc_pct,generator_startups,mean_generator_load_pct_when_on,mean_decision_seconds,p95_decision_seconds,max_decision_seconds,supervisory_protection_fraction,supervisory_mode_switches,solve_seconds
A_stable_drilling,Rule-Based,657.6884373829207,0.0,657.6884373829207,657.6884373829207,520.7485481899529,82.00800476285276,22.21212507875231,120.0,7.631412962873843,0.0,0.0,0.0,15.099522978094065,19.477799285506993,15.099522978094065,24,21.505595654594256,2.3162777778098745e-05,2.5155400021503737e-05,9.417000001121778e-05,0.0,0,0.010078274000079546
A_stable_drilling,Persistence-MPC,641.2205551063532,0.09898505639746753,641.3195401627507,667.656466729612,510.3344804810265,86.3787142770872,24.270766267900175,95.0,10.902898675790722,0.26336926566861324,63.03856936288071,0.0,15.0,15.0,15.099522978094065,19,22.339322657867374,0.01090158044723037,0.04974385045024976,0.09699314199997389,0.0,0,3.9281019949999063
A_stable_drilling,ML-Robust-MPC,606.2188166830789,0.0,606.2188166830789,607.1821765012348,527.1419934469257,69.98172318035733,19.371685555930682,85.0,9.57549546044419,0.0096335981815593,6.936190690722697,0.0,15.0,15.169255070121432,15.099522978094065,17,26.508228477408075,0.022093668883336352,0.07333555584987153,0.10720022399982554,0.0,0,7.958000457999788
A_stable_drilling,Scenario-CVaR-MPC,631.6625460963563,0.0,631.6625460963563,638.2142343196899,516.4909997588228,80.45870687377912,22.45673074422257,95.0,8.72631340683617,0.06551688223333557,19.264764025623894,0.0,15.0,15.113085376118388,15.099522978094065,19,23.664325551111503,0.025198692580546675,0.07017944929996248,0.13605564399995274,0.0,0,9.076102262999939
A_stable_drilling,Risk-Aware-Ensemble-MPC,592.5521368828895,0.0,592.5521368828895,592.5521368828895,529.7245224394151,67.47966681105876,18.61052377770075,75.0,10.957764640749627,0.0,0.0,0.0,15.0,15.169255070121432,15.099522978094065,15,27.356621680158955,0.02379428700556016,0.07015661439982068,0.10343387400007487,0.0,0,8.569453837999845
A_stable_drilling,Risk-Adaptive-CVaR-MPC,631.6625460963563,0.0,631.6625460963563,638.2142343196899,516.4909997588228,80.45870687377912,22.45673074422257,95.0,8.72631340683617,0.06551688223333557,19.264764025623894,0.0,15.0,15.113085376118388,15.099522978094065,19,23.664325551111503,0.02472336780833378,0.06881194279987995,0.1312532150000152,0.0,0,8.905186126999979
A_stable_drilling,Risk-SOC-Supervisory-MPC,532.8613333810914,0.0,532.8613333810914,532.8613333810914,538.1355037606957,60.171563242626966,15.752820878705359,30.0,16.06841021072735,0.0,0.0,0.0,15.012334426709655,15.80239198413889,15.099522978094065,6,38.90402795859503,0.017448567008326185,0.07064212610000595,0.09696368200002325,1.0,1,6.285408752999956
B_connection_transition,Rule-Based,640.8636623690326,3.890232123079231,644.7538944921118,814.4995292613635,382.1502336572115,132.77487685372347,35.1348419291527,105.0,5.755121029752023,1.6974563476925164,145.78837838697018,0.0,71.15658388531548,71.15658388531548,75.06795697997133,21,34.94075706676934,2.1421052776481197e-05,2.3537599827250232e-05,2.9256000289024087e-05,0.0,0,0.009291347000271344
B_connection_transition,Persistence-MPC,532.4891109581336,59.743289672494576,592.2324006306281,1229.800537777502,332.71239701712875,106.57437867384004,29.284520247869583,65.0,76.58669632145302,6.375681371468739,396.67537556965294,0.0,15.0,15.0,75.06795697997133,13,31.844933866685277,0.011953338005561262,0.07203003210006502,0.08466725800008135,0.0,0,4.30693416899976
B_connection_transition,ML-Robust-MPC,506.49447599947035,53.64813728152849,560.1426132809988,727.2762925073407,333.5298591887266,118.56260061409048,31.08951654478658,25.0,75.83434466279952,1.671336792263419,145.78837838697024,0.0,21.12827572123939,21.12827572123939,75.06795697997133,5,41.359046725845516,0.00800328456667027,0.015688260400224915,0.06798823799999809,0.0,0,2.884520726000119
B_connection_transition,Scenario-CVaR-MPC,526.1634479352653,13.626039135346781,539.789487070612,706.9231662969539,391.85125160461297,111.00902559696256,29.233737499734325,25.0,23.529941773670974,1.671336792263419,145.78837838697024,0.0,61.3678688683814,61.3678688683814,75.06795697997133,5,38.54480055450089,0.029675695863887894,0.061107517299888066,0.21201266000025498,0.0,0,10.687613687999601
B_connection_transition,Risk-Aware-Ensemble-MPC,541.7683278417896,18.034630175057387,559.802958016847,726.9366372431889,375.2891574431599,122.06628549095491,32.06718357723388,30.0,30.997675573191234,1.671336792263419,145.78837838697024,0.0,56.93531990150483,56.93531990150483,75.06795697997133,6,42.18880834940838,0.009008390211095552,0.052087539200215374,0.10764626099989982,0.0,0,3.246297605000109
B_connection_transition,Risk-Adaptive-CVaR-MPC,519.2709498509917,14.267068231132548,533.5380180821242,700.671697308466,391.9020089813759,110.09071473224525,28.98107588850626,20.0,23.30597304400525,1.671336792263419,145.78837838697024,0.0,60.72335618152317,60.72335618152317,75.06795697997133,4,38.22594261536293,0.02953521476665123,0.06050407050022387,0.20696489900001325,0.0,0,10.637204671999825
B_connection_transition,Risk-SOC-Supervisory-MPC,550.2420348767239,3.418351028870699,553.6603859055946,720.7940651319365,391.1387813152431,124.90156276045512,32.68809907878846,25.0,14.71015379952594,1.671336792263419,145.78837838697024,0.0,71.6310293573001,71.6310293573001,75.06795697997133,5,43.36859818071358,0.02971988968333916,0.05909337975001566,0.21225248000018837,0.05277777777777778,1,10.7037049139999
C_tripping_impact,Rule-Based,366.5420387421749,4.483395251363383,371.0254339935383,10682.42143956663,124.51513475683987,102.85890368551755,27.37678645482221,70.0,18.38317147586926,103.11396005573091,891.6977143349238,0.0,15.0,19.76351308593722,24.271272778438576,14,24.183127825748638,2.153233333880659e-05,2.3951299567670503e-05,3.86199999411474e-05,0.0,0,0.009359277999919868
C_tripping_impact,Persistence-MPC,350.1238898026014,9.221161549071114,359.3450513516725,10994.041231624928,117.58744093025007,99.88467744479361,26.64395921418599,65.0,11.714253155557133,106.34696180273255,891.6977143349238,0.0,15.0,15.0,24.271272778438576,13,23.483858333415427,0.005050666336094562,0.008769782049876084,0.019035609000184195,0.0,0,1.8215396010000404
C_tripping_impact,ML-Robust-MPC,356.0673301605561,9.221161549071114,365.2884917096272,10674.882196904955,117.64013362824433,103.10156791353077,27.424184159794073,65.0,12.076380195033764,103.09593705195329,891.6977143349238,0.0,15.0,15.0,24.271272778438576,13,24.240180543933565,0.005051845899996957,0.008967438050058264,0.015032751000035205,0.0,0,1.821949671999846
C_tripping_impact,Scenario-CVaR-MPC,355.59421925143766,9.21897495319546,364.81319420463313,10696.116365956845,117.64985486505638,102.86641924761312,27.364573392814954,65.0,11.856804418785517,103.31303171752212,891.6977143349238,0.0,15.0,15.002198478652772,24.271272778438576,13,24.18489480743255,0.01009293953610495,0.018319607800117415,0.02420743599986963,0.0,0,3.6373944619999747
C_tripping_impact,Risk-Aware-Ensemble-MPC,354.87886430501993,9.221161549071114,364.10002585409103,10745.54747805267,117.4898820037116,102.53085550221493,27.280901363301716,65.0,12.029031051801857,103.81447452198577,891.6977143349238,0.0,15.0,15.0,24.271272778438576,13,24.10600050992514,0.00504490904443805,0.008803796549841536,0.018671306999749504,0.0,0,1.819407381000019
C_tripping_impact,Risk-Adaptive-CVaR-MPC,353.84203151984525,9.21897495319546,363.0610064730407,10833.146011043105,116.93121437085429,102.19724141363668,27.199020385015103,65.0,11.85680441878553,104.70085004570065,891.6977143349238,0.0,15.0,15.002198478652772,24.271272778438576,13,24.0275645956826,0.010638864166667695,0.019751680400054285,0.03227315799995267,0.0,0,3.834607652000159
C_tripping_impact,Risk-SOC-Supervisory-MPC,355.5007926667098,8.414325807269304,363.9151184739791,10652.585444684893,121.25209640089147,101.10899663964803,26.876688956503784,65.0,18.567366048854055,102.88670326210915,891.6977143349238,0.0,15.0,15.811220387998945,24.271272778438576,13,24.700894944539417,0.004859005025009032,0.008890267900028448,0.010023778999766364,1.0,1,1.752480480000031
