load_kw,grid_kw,generator_kw,generator_units_on,storage_kw,charge_kw,discharge_kw,unserved_kw,spill_kw,soc,grid_headroom_storage_preservation_kw,grid_headroom_storage_charge_kw,v15_generator_first_guard_active,decision_seconds,generator_startup_units,generator_shutdown_units,step,risk_level,risk_reserve_kw,applied_risk_reserve_kw,forecast_scenario_count,cvar_alpha,cvar_weight,minimum_committed_generator_units,low_soc_commitment_guard_evaluated,low_soc_commitment_guard_triggered,low_soc_commitment_reachability_truncated,low_soc_commitment_forecast_peak_kw,low_soc_single_unit_firm_supply_kw,low_soc_commitment_deficit_kw,generator_before_storage,supervisory_protection_active,supervisory_safe_exit_counter,selected_controller,grid_available_capacity_kw,generator_available_capacity_kw,storage_available_power_kw
1168.0,137.69806904427907,240.8996819872114,2,127.19350982687038,0.0,127.19350982687038,662.2087391416392,0.0,0.24131456670375795,0.0,0.0,False,3.86199999411474e-05,1,0,0,3,150.0,0.0,1,,,0,False,False,False,,,,False,False,0,Rule-Based,137.69806904427907,240.8996819872114,127.19350982687038
1247.5,137.63785053088338,241.0830113483802,2,131.83985617110113,0.0,131.83985617110113,736.9392819496353,0.0,0.23986533115687428,0.0,0.0,False,2.8531000225484604e-05,0,0,1,3,150.0,0.0,1,,,0,False,False,False,,,,False,False,0,Rule-Based,137.63785053088338,241.0830113483802,131.83985617110113
1246.0,138.9468297332021,240.92009997622003,2,128.65193419742494,0.0,128.65193419742494,737.4811360931529,0.0,0.23845113850201977,0.0,0.0,False,2.2637999791186303e-05,0,0,2,3,150.0,0.0,1,,,0,False,False,False,,,,False,False,0,Rule-Based,138.9468297332021,240.92009997622003,128.65193419742494
1246.0,141.241075368392,242.46040643241196,2,124.69051938689616,0.0,124.69051938689616,737.6079988122999,0.0,0.23708049127664388,0.0,0.0,False,2.235100009784219e-05,0,0,3,3,150.0,0.0,1,,,0,False,False,False,,,,False,False,0,Rule-Based,141.241075368392,242.46040643241196,124.69051938689616
1252.0,142.15997933077165,242.28442398785413,2,126.64749390830438,0.0,126.64749390830438,740.9081027730699,0.0,0.2356883322177213,0.0,0.0,False,2.2047999664209783e-05,0,0,4,3,150.0,0.0,1,,,0,False,False,False,,,,False,False,0,Rule-Based,142.15997933077165,242.28442398785413,126.64749390830438
1237.0,144.68043676891511,242.30655874291844,2,134.9763857032647,0.0,134.9763857032647,715.0366187849017,0.0,0.23420461870473638,0.0,0.0,False,2.3949999558681156e-05,0,0,5,3,150.0,0.0,1,,,0,False,False,False,,,,False,False,0,Rule-Based,144.68043676891511,242.30655874291844,134.9763857032647
1240.5,143.75127245454993,239.5496176621652,1,133.40690985757567,0.0,133.40690985757567,723.7922000257092,0.0,0.2327381574874654,0.0,0.0,False,2.236199998151278e-05,0,0,6,3,150.0,0.0,1,,,0,False,False,False,,,,False,False,0,Rule-Based,143.75127245454993,239.5496176621652,133.40690985757567
1199.5,144.44784201651072,239.5352948164718,1,132.77050682650292,0.0,132.77050682650292,682.7463563405146,0.0,0.2312786918625863,0.0,0.0,False,2.4087999918265268e-05,0,0,7,3,150.0,0.0,1,,,0,False,False,False,,,,False,False,0,Rule-Based,144.44784201651072,239.5352948164718,132.77050682650292
1116.0,143.09210918908482,241.8344464459836,2,129.33220862065906,0.0,129.33220862065906,601.7412357442724,0.0,0.22985702136374425,0.0,0.0,False,2.2731000171916094e-05,1,0,8,3,150.0,0.0,1,,,0,False,False,False,,,,False,False,0,Rule-Based,143.09210918908482,241.8344464459836,129.33220862065906
1016.5,143.76230424238503,241.9717734556719,2,131.71340088649896,0.0,131.71340088649896,499.05252141544406,0.0,0.2284091758630792,0.0,0.0,False,2.31869998970069e-05,0,0,9,3,150.0,0.0,1,,,0,False,False,False,,,,False,False,0,Rule-Based,143.76230424238503,241.9717734556719,131.71340088649896
1014.0,142.6639464814542,242.9404061147175,2,134.62294609907013,0.0,134.62294609907013,493.77270130475813,0.0,0.2269293474972186,0.0,0.0,False,2.1655000182363437e-05,0,0,10,3,150.0,0.0,1,,,0,False,False,False,,,,False,False,0,Rule-Based,142.6639464814542,242.9404061147175,134.62294609907013
997.5,144.53105069559922,243.84416305413356,2,133.86864058824585,0.0,133.86864058824585,475.25614566202137,0.0,0.2254578107541741,0.0,0.0,False,2.17930000872002e-05,0,0,11,3,150.0,0.0,1,,,0,False,False,False,,,,False,False,0,Rule-Based,144.53105069559922,243.84416305413356,133.86864058824585
921.0,146.0942113091412,242.88040989588904,2,131.6372652917254,0.0,131.6372652917254,400.3881135032443,0.0,0.22401080216590818,0.0,0.0,False,2.1547999949689256e-05,0,0,12,3,150.0,0.0,1,,,0,False,False,False,,,,False,False,0,Rule-Based,146.0942113091412,242.88040989588904,131.6372652917254
941.0,145.7915857527801,242.9677963027872,2,130.80355694892745,0.0,130.80355694892745,421.43706099550525,0.0,0.22257295802761368,0.0,0.0,False,2.1036999896750785e-05,0,0,13,3,150.0,0.0,1,,,0,False,False,False,,,,False,False,0,Rule-Based,145.7915857527801,242.9677963027872,130.80355694892745
846.0,144.572013513875,243.30494806894765,2,121.834767608569,0.0,121.834767608569,336.28827080860833,0.0,0.22123370234884912,0.0,0.0,False,2.2403000002668705e-05,0,0,14,3,150.0,0.0,1,,,0,False,False,False,,,,False,False,0,Rule-Based,144.572013513875,243.30494806894765,121.834767608569
819.5,144.34798907403385,243.4149997399656,2,116.59142086424087,0.0,116.59142086424087,315.1455903217597,0.0,0.219952083599517,0.0,0.0,False,2.1319999632396502e-05,0,0,15,3,150.0,0.0,1,,,0,False,False,False,,,,False,False,0,Rule-Based,144.34798907403385,243.4149997399656,116.59142086424087
797.5,145.78484516248835,242.9824972287826,2,118.01249338384,0.0,118.01249338384,290.720164224889,0.0,0.218654843862193,0.0,0.0,False,2.0763000065926462e-05,0,0,16,3,150.0,0.0,1,,,0,False,False,False,,,,False,False,0,Rule-Based,145.78484516248835,242.9824972287826,118.01249338384
738.5,146.15962010800774,243.5513619046081,2,118.72528573076796,0.0,118.72528573076796,230.06373225661622,0.0,0.2173497688310761,0.0,0.0,False,2.1208000362094026e-05,0,0,17,3,150.0,0.0,1,,,0,False,False,False,,,,False,False,0,Rule-Based,146.15962010800774,243.5513619046081,118.72528573076796
727.0,147.6196430154443,244.28243199403104,2,123.7116990128645,0.0,123.7116990128645,211.38622597766016,0.0,0.21598988118418624,0.0,0.0,False,2.2266000087256543e-05,0,0,18,3,150.0,0.0,1,,,0,False,False,False,,,,False,False,0,Rule-Based,147.6196430154443,244.28243199403104,123.7116990128645
698.5,144.91349909477063,244.36259467546083,2,118.8136564788804,0.0,118.8136564788804,190.41024975088817,0.0,0.21468383474705305,0.0,0.0,False,2.1500000002561137e-05,0,0,19,3,150.0,0.0,1,,,0,False,False,False,,,,False,False,0,Rule-Based,144.91349909477063,244.36259467546083,118.8136564788804
668.0,145.03101244715845,243.19257811900863,2,126.36675885299172,0.0,126.36675885299172,153.40965058084112,0.0,0.21329476163826142,0.0,0.0,False,2.121499983331887e-05,0,0,20,3,150.0,0.0,1,,,0,False,False,False,,,,False,False,0,Rule-Based,145.03101244715845,243.19257811900863,126.36675885299172
674.5,148.6168842125371,242.77100980779596,2,128.92747697013672,0.0,128.92747697013672,154.18462900953023,0.0,0.21187754010888823,0.0,0.0,False,2.0831999790971167e-05,0,0,21,3,150.0,0.0,1,,,0,False,False,False,,,,False,False,0,Rule-Based,148.6168842125371,242.77100980779596,128.92747697013672
582.5,142.95814912127878,242.77789149699916,2,140.47012309358385,0.0,140.47012309358385,56.29383628813821,0.0,0.21033343727402054,0.0,0.0,False,2.2031999833416194e-05,0,0,22,3,150.0,0.0,1,,,0,False,False,False,,,,False,False,0,Rule-Based,142.95814912127878,242.77789149699916,140.47012309358385
572.0,139.02267960036613,241.57718861573176,2,147.70240676602683,0.0,147.70240676602683,43.697725017875314,0.0,0.20870983433282955,0.0,0.0,False,2.1827000182383927e-05,0,0,23,3,150.0,0.0,1,,,0,False,False,False,,,,False,False,0,Rule-Based,139.02267960036613,241.57718861573176,147.70240676602683
556.0,138.51204016431666,239.4936970386376,1,143.49650348735426,0.0,143.49650348735426,34.497759309691446,0.0,0.2071324643345075,0.0,0.0,False,2.2641000214207452e-05,0,0,24,3,150.0,0.0,1,,,0,False,False,False,,,,False,False,0,Rule-Based,138.51204016431666,239.4936970386376,143.49650348735426
537.0,136.9241242522076,239.38231574315247,1,142.58855850008962,0.0,142.58855850008962,18.105001504550273,0.0,0.2055650748245474,0.0,0.0,False,2.150999989680713e-05,0,0,25,3,150.0,0.0,1,,,0,False,False,False,,,,False,False,0,Rule-Based,136.9241242522076,239.38231574315247,142.58855850008962
505.5,138.7653614454062,237.89172326613632,1,128.84291528845748,0.0,128.84291528845748,0.0,0.0,0.20414878283043428,0.0,0.0,False,2.2158999854582362e-05,0,0,26,3,150.0,0.0,1,,,0,False,False,False,,,,False,False,0,Rule-Based,138.7653614454062,237.89172326613632,137.2060289047928
468.0,139.38064421454683,238.72342899106675,1,89.89592679438644,0.0,89.89592679438644,0.0,0.0,0.20316061145029107,0.0,0.0,False,2.1871000171813648e-05,0,0,27,3,150.0,0.0,1,,,0,False,False,False,,,,False,False,0,Rule-Based,139.38064421454683,238.72342899106675,138.47235736964362
490.0,142.15786652038776,239.0051807994265,1,108.83695268018573,0.0,108.83695268018573,0.0,0.0,0.2019642328647902,0.0,0.0,False,2.210000002378365e-05,0,0,28,3,150.0,0.0,1,,,0,False,False,False,,,,False,False,0,Rule-Based,142.15786652038776,239.0051807994265,143.25990064690575
478.5,145.50500610759372,238.86736340045604,1,94.12763049195024,0.0,94.12763049195024,0.0,0.0,0.20092954493342727,0.0,0.0,False,2.3071999748935923e-05,0,0,29,3,150.0,0.0,1,,,0,False,False,False,,,,False,False,0,Rule-Based,145.50500610759372,238.86736340045604,142.17068399325817
459.0,148.06351333892889,238.08795268676005,1,72.84853397431107,0.0,72.84853397431107,0.0,0.0,0.20012876519928588,0.0,0.0,False,2.183800006605452e-05,0,0,30,3,150.0,0.0,1,,,0,False,False,False,,,,False,False,0,Rule-Based,148.06351333892889,238.08795268676005,144.0989481066343
435.5,149.32432021875292,237.52400356397524,1,48.65167621727184,0.0,48.65167621727184,0.0,0.0,0.19959396684135958,0.0,0.0,False,2.141800041499664e-05,0,0,31,2,80.0,0.0,1,,,0,False,False,False,,,,False,False,0,Rule-Based,149.32432021875292,237.52400356397524,144.03547517777056
469.5,152.0703875741694,236.70509108038848,1,80.72452134544213,0.0,80.72452134544213,0.0,0.0,0.1987066111566935,0.0,0.0,False,2.154399999199086e-05,0,0,32,1,30.0,0.0,1,,,0,False,False,False,,,,False,False,0,Rule-Based,152.0703875741694,236.70509108038848,150.0766329829992
421.5,154.43515231711976,237.09717318063696,1,29.967674502243312,0.0,29.967674502243312,0.0,0.0,0.19837719469336146,0.0,0.0,False,2.130999973815051e-05,0,0,33,1,30.0,0.0,1,,,0,False,False,False,,,,False,False,0,Rule-Based,154.43515231711976,237.09717318063696,155.2438361174839
424.0,156.24273066244552,238.717164172421,1,29.04010516513347,0.0,29.04010516513347,0.0,0.0,0.1980579744369624,0.0,0.0,False,2.1629999992001103e-05,0,0,34,1,30.0,0.0,1,,,0,False,False,False,,,,False,False,0,Rule-Based,156.24273066244552,238.717164172421,145.14198126089747
426.5,159.48385568667192,239.2904672875281,1,27.725677025799996,0.0,27.725677025799996,0.0,0.0,0.19775320289158801,0.0,0.0,False,2.1348000245779986e-05,0,0,35,1,30.0,0.0,1,,,0,False,False,False,,,,False,False,0,Rule-Based,159.48385568667192,239.2904672875281,140.16743844086304
400.0,158.06058935838666,240.4599058737095,2,1.4795047679038476,0.0,1.4795047679038476,0.0,0.0,0.19773693959334346,0.0,0.0,False,2.0975999632355524e-05,1,0,36,1,30.0,0.0,1,,,0,False,False,False,,,,False,False,0,Rule-Based,158.06058935838666,240.4599058737095,147.58154373680708
410.0,155.21058224099843,241.7249923965792,2,13.064425362422355,0.0,13.064425362422355,0.0,0.0,0.19759333029199336,0.0,0.0,False,2.0941000002494548e-05,0,0,37,1,30.0,0.0,1,,,0,False,False,False,,,,False,False,0,Rule-Based,155.21058224099843,241.7249923965792,147.9976766334893
424.5,154.48801281025683,239.0112568939096,1,31.00073029583359,0.0,31.00073029583359,0.0,0.0,0.19725255807311465,0.0,0.0,False,2.182199978051358e-05,0,0,38,1,30.0,0.0,1,,,0,False,False,False,,,,False,False,0,Rule-Based,154.48801281025683,239.0112568939096,146.01158505469812
381.5,151.42451639276987,230.07548360723013,1,0.0,0.0,0.0,0.0,0.0,0.19725255807311465,0.0,0.0,False,2.1470999854500405e-05,0,0,39,1,30.0,0.0,1,,,0,False,False,False,,,,False,False,0,Rule-Based,151.42451639276987,238.7305660847425,141.96862340377427
418.5,149.78416358933163,238.7495400871826,1,29.96629632348578,0.0,29.96629632348578,0.0,0.0,0.1969231567592655,0.0,0.0,False,2.0774999939021654e-05,0,0,40,1,30.0,0.0,1,,,0,False,False,False,,,,False,False,0,Rule-Based,149.78416358933163,238.7495400871826,146.73045275623744
405.5,150.6550719658358,238.0979793337692,1,16.746948700395023,0.0,16.746948700395023,0.0,0.0,0.19673906771318103,0.0,0.0,False,2.3095999949873658e-05,0,0,41,1,30.0,0.0,1,,,0,False,False,False,,,,False,False,0,Rule-Based,150.6550719658358,238.0979793337692,137.22691501288102
380.0,151.08388731953286,228.91611268046714,1,0.0,0.0,0.0,0.0,0.0,0.19673906771318103,0.0,0.0,False,2.0480000330280745e-05,0,0,42,1,30.0,0.0,1,,,0,False,False,False,,,,False,False,0,Rule-Based,151.08388731953286,238.56598673518292,142.50800588754117
411.5,153.26147934573612,239.11162992050575,1,19.12689073375813,0.0,19.12689073375813,0.0,0.0,0.19652881740832065,0.0,0.0,False,2.1927000034338562e-05,0,0,43,2,80.0,0.0,1,,,0,False,False,False,,,,False,False,0,Rule-Based,153.26147934573612,239.11162992050575,135.62188623532276
407.0,155.05241258193576,238.77974612764055,1,13.167841290423695,0.0,13.167841290423695,0.0,0.0,0.1963840713184202,0.0,0.0,False,2.0831999790971167e-05,0,0,44,2,80.0,0.0,1,,,0,False,False,False,,,,False,False,0,Rule-Based,155.05241258193576,238.77974612764055,145.12579433737136
405.5,156.67031488364745,238.6709892811812,1,10.158695835171358,0.0,10.158695835171358,0.0,0.0,0.19627240293875203,0.0,0.0,False,2.058300015050918e-05,0,0,45,2,80.0,0.0,1,,,0,False,False,False,,,,False,False,0,Rule-Based,156.67031488364745,238.6709892811812,149.6922650687126
385.5,155.32901848705953,230.17098151294047,1,0.0,0.0,0.0,0.0,0.0,0.19627240293875203,0.0,0.0,False,2.067600007649162e-05,0,0,46,3,150.0,0.0,1,,,0,False,False,False,,,,False,False,0,Rule-Based,155.32901848705953,236.51922839434985,152.18489235123295
415.5,154.97168963772,237.17103833224107,1,23.3572720300389,0.0,23.3572720300389,0.0,0.0,0.19601565061902684,0.0,0.0,False,2.0945999949617544e-05,0,0,47,3,150.0,0.0,1,,,0,False,False,False,,,,False,False,0,Rule-Based,154.97168963772,237.17103833224107,148.46804687039898
435.0,153.61165179534487,235.1274062429416,1,46.26094196171354,0.0,46.26094196171354,0.0,0.0,0.195507132152227,0.0,0.0,False,2.0353000309114577e-05,0,0,48,3,150.0,0.0,1,,,0,False,False,False,,,,False,False,0,Rule-Based,153.61165179534487,235.1274062429416,138.38458292359908
480.0,153.84670560995428,235.0164291477126,1,91.13686524233313,0.0,91.13686524233313,0.0,0.0,0.19450531988864775,0.0,0.0,False,2.239700006612111e-05,0,0,49,3,150.0,0.0,1,,,0,False,False,False,,,,False,False,0,Rule-Based,153.84670560995428,235.0164291477126,134.71791750626565
469.0,155.47561956258326,235.5989661246136,1,77.92541431280316,0.0,77.92541431280316,0.0,0.0,0.19364873308927208,0.0,0.0,False,2.0914000288030365e-05,0,0,50,3,150.0,0.0,1,,,0,False,False,False,,,,False,False,0,Rule-Based,155.47561956258326,235.5989661246136,132.63518116769842
507.5,158.1246907780943,236.27747120470232,1,113.09783801720337,0.0,113.09783801720337,0.0,0.0,0.19240551717649448,0.0,0.0,False,2.0419000065885484e-05,0,0,51,3,150.0,0.0,1,,,0,False,False,False,,,,False,False,0,Rule-Based,158.1246907780943,236.27747120470232,133.05233845499248
503.5,158.22009646385632,238.97858696731583,1,106.30131656882781,0.0,106.30131656882781,0.0,0.0,0.1912370113003037,0.0,0.0,False,2.028500011874712e-05,0,0,52,3,150.0,0.0,1,,,0,False,False,False,,,,False,False,0,Rule-Based,158.22009646385632,238.97858696731583,138.6998678201827
510.5,158.7612929254185,236.1071307711812,1,115.6315763034003,0.0,115.6315763034003,0.0,0.0,0.18996594353985655,0.0,0.0,False,2.0647000383178238e-05,0,0,53,3,150.0,0.0,1,,,0,False,False,False,,,,False,False,0,Rule-Based,158.7612929254185,236.1071307711812,138.02495224562747
510.0,154.14270320431473,234.02545085564765,1,121.83184594003762,0.0,121.83184594003762,0.0,0.0,0.18862671997722147,0.0,0.0,False,2.0476999907259597e-05,0,0,54,3,150.0,0.0,1,,,0,False,False,False,,,,False,False,0,Rule-Based,154.14270320431473,234.02545085564765,135.7829619160392
495.0,152.59778287229187,234.5623345900549,1,107.83988253765324,0.0,107.83988253765324,0.0,0.0,0.18744130157883895,0.0,0.0,False,2.0855000002484303e-05,0,0,55,3,150.0,0.0,1,,,0,False,False,False,,,,False,False,0,Rule-Based,152.59778287229187,234.5623345900549,134.15096470421048
489.5,157.16127652303916,234.8061902777883,1,97.53253319917258,0.0,97.53253319917258,0.0,0.0,0.18636918561789304,0.0,0.0,False,2.095500030918629e-05,0,0,56,3,150.0,0.0,1,,,0,False,False,False,,,,False,False,0,Rule-Based,157.16127652303916,234.8061902777883,131.3040763013954
457.5,155.81252599367951,234.0227428816092,1,67.6647311247113,0.0,67.6647311247113,0.0,0.0,0.18562538828327677,0.0,0.0,False,2.083000026686932e-05,0,0,57,3,150.0,0.0,1,,,0,False,False,False,,,,False,False,0,Rule-Based,155.81252599367951,234.0227428816092,128.10704161622155
447.5,156.0763999634935,233.4391333465823,1,57.984466689924204,0.0,57.984466689924204,0.0,0.0,0.18498800022222583,0.0,0.0,False,1.9719999727385584e-05,0,0,58,3,150.0,0.0,1,,,0,False,False,False,,,,False,False,0,Rule-Based,156.0763999634935,233.4391333465823,130.44692877233058
491.0,154.77241882610434,232.3437240406916,1,103.88385713320406,0.0,103.88385713320406,0.0,0.0,0.18384606801085085,0.0,0.0,False,2.003999998123618e-05,0,0,59,3,150.0,0.0,1,,,0,False,False,False,,,,False,False,0,Rule-Based,154.77241882610434,232.3437240406916,132.72816319518387
511.0,154.9602527346222,233.31176615461297,1,122.72798111076483,0.0,122.72798111076483,0.0,0.0,0.18249699377800158,0.0,0.0,False,2.0607000351446914e-05,0,0,60,3,150.0,0.0,1,,,0,False,False,False,,,,False,False,0,Rule-Based,154.9602527346222,233.31176615461297,133.23579590094477
504.5,158.278108237097,235.60885797060672,1,110.61303379229628,0.0,110.61303379229628,0.0,0.0,0.18128109181044785,0.0,0.0,False,2.0102999769733287e-05,0,0,61,3,150.0,0.0,1,,,0,False,False,False,,,,False,False,0,Rule-Based,158.278108237097,235.60885797060672,131.6104113544097
513.5,157.2555276303562,235.339803667138,1,120.9046687025058,0.0,120.9046687025058,0.0,0.0,0.17995206014463302,0.0,0.0,False,2.0215999938955065e-05,0,0,62,3,150.0,0.0,1,,,0,False,False,False,,,,False,False,0,Rule-Based,157.2555276303562,235.339803667138,144.16527099201846
531.0,153.87292658847778,233.72221508717035,1,137.8811517904457,0.0,137.8811517904457,5.523706533906079,0.0,0.17843641630047827,0.0,0.0,False,2.0506000055320328e-05,0,0,63,3,150.0,0.0,1,,,0,False,False,False,,,,False,False,0,Rule-Based,153.87292658847778,233.72221508717035,137.8811517904457
521.0,153.39420502273936,233.61583833735943,1,133.9899566399012,0.0,133.9899566399012,0.0,0.0,0.17696354600368475,0.0,0.0,False,2.0434999896679074e-05,0,0,64,3,150.0,0.0,1,,,0,False,False,False,,,,False,False,0,Rule-Based,153.39420502273936,233.61583833735943,147.3231812505433
524.5,156.27699112722573,232.66475724954307,1,135.55825162323117,0.0,135.55825162323117,0.0,0.0,0.1754734363916807,0.0,0.0,False,2.0557999960146844e-05,0,0,65,3,150.0,0.0,1,,,0,False,False,False,,,,False,False,0,Rule-Based,156.27699112722573,232.66475724954307,145.6940269527694
573.5,154.43816733510886,231.6983433783324,1,144.16295898028363,0.0,144.16295898028363,43.20053030627514,0.0,0.1738887404524875,0.0,0.0,False,2.0462000065890606e-05,0,0,66,3,150.0,0.0,1,,,0,False,False,False,,,,False,False,0,Rule-Based,154.43816733510886,231.6983433783324,144.16295898028363
564.5,156.2506751903743,232.91900825802284,1,138.90190189864742,0.0,138.90190189864742,36.42841465295544,0.0,0.17236187612171927,0.0,0.0,False,2.037900003415416e-05,0,0,67,3,150.0,0.0,1,,,0,False,False,False,,,,False,False,0,Rule-Based,156.2506751903743,232.91900825802284,138.90190189864742
582.0,152.0589878419594,233.0618113534811,1,143.20681331459804,0.0,143.20681331459804,53.672387489961466,0.0,0.1707876905117008,0.0,0.0,False,1.9829999928333564e-05,0,0,68,3,150.0,0.0,1,,,0,False,False,False,,,,False,False,0,Rule-Based,152.0589878419594,233.0618113534811,143.20681331459804
618.0,151.68887719022223,232.39655428553093,1,141.00022355555927,0.0,141.00022355555927,92.9143449686876,0.0,0.16923776060408574,0.0,0.0,False,2.020900001298287e-05,0,0,69,3,150.0,0.0,1,,,0,False,False,False,,,,False,False,0,Rule-Based,151.68887719022223,232.39655428553093,141.00022355555927
603.0,153.17691639439275,233.3484525530575,1,144.99395456061913,0.0,144.99395456061913,71.48067649193058,0.0,0.16764393003467296,0.0,0.0,False,2.038100001300336e-05,0,0,70,3,150.0,0.0,1,,,0,False,False,False,,,,False,False,0,Rule-Based,153.17691639439275,233.3484525530575,144.99395456061913
646.0,153.97902570490717,232.8722106367712,1,138.3506921180045,0.0,138.3506921180045,120.7980715403171,0.0,0.16612312481858443,0.0,0.0,False,2.0354000298539177e-05,0,0,71,3,150.0,0.0,1,,,0,False,False,False,,,,False,False,0,Rule-Based,153.97902570490717,232.8722106367712,138.3506921180045
688.0,153.5448713662942,231.50187737812908,1,132.18949396369467,0.0,132.18949396369467,170.76375729188203,0.0,0.16467004591558468,0.0,0.0,False,2.0169999970676145e-05,0,0,72,3,150.0,0.0,1,,,0,False,False,False,,,,False,False,0,Rule-Based,153.5448713662942,231.50187737812908,132.18949396369467
710.5,154.28441286255904,232.45744164069453,1,136.02429161576026,0.0,136.02429161576026,187.7338538809862,0.0,0.16317481340870607,0.0,0.0,False,1.996099990719813e-05,0,0,73,3,150.0,0.0,1,,,0,False,False,False,,,,False,False,0,Rule-Based,154.28441286255904,232.45744164069453,136.02429161576026
748.5,150.74769265263188,231.6016910166084,1,140.51045561288393,0.0,140.51045561288393,225.6401607178758,0.0,0.1616302672229249,0.0,0.0,False,1.9694000002346e-05,0,0,74,3,150.0,0.0,1,,,0,False,False,False,,,,False,False,0,Rule-Based,150.74769265263188,231.6016910166084,140.51045561288393
771.0,149.24066291968313,233.37859080475155,1,139.8528867498194,0.0,139.8528867498194,248.52785952574595,0.0,0.1600929492926846,0.0,0.0,False,2.0278999727452174e-05,0,0,75,3,150.0,0.0,1,,,0,False,False,False,,,,False,False,0,Rule-Based,149.24066291968313,233.37859080475155,139.8528867498194
798.0,151.8423392987646,231.77746482612187,1,142.202529937412,0.0,142.202529937412,272.1776659377015,0.0,0.15852980316049656,0.0,0.0,False,2.0167000002402347e-05,0,0,76,3,150.0,0.0,1,,,0,False,False,False,,,,False,False,0,Rule-Based,151.8423392987646,231.77746482612187,142.202529937412
831.5,147.5627292867913,231.9239569782941,1,140.57776686059006,0.0,140.57776686059006,311.4355468743246,0.0,0.15698451706300953,0.0,0.0,False,2.0341999970696634e-05,0,0,77,3,150.0,0.0,1,,,0,False,False,False,,,,False,False,0,Rule-Based,147.5627292867913,231.9239569782941,140.57776686059006
848.0,145.54092336398742,232.33841218242037,1,140.80583960484554,0.0,140.80583960484554,329.31482484874664,0.0,0.15543672390022487,0.0,0.0,False,2.056299990726984e-05,0,0,78,3,150.0,0.0,1,,,0,False,False,False,,,,False,False,0,Rule-Based,145.54092336398742,232.33841218242037,140.80583960484554
877.0,145.02109673778187,234.0176228172306,1,136.8320196382114,0.0,136.8320196382114,361.1292608067762,0.0,0.15393261252927323,0.0,0.0,False,1.946499969562865e-05,0,0,79,3,150.0,0.0,1,,,0,False,False,False,,,,False,False,0,Rule-Based,145.02109673778187,234.0176228172306,136.8320196382114
962.5,147.76314465942795,233.6318384733024,1,142.18014937954365,0.0,142.18014937954365,438.92486748772603,0.0,0.15236971241297873,0.0,0.0,False,1.9518000044627115e-05,0,0,80,3,150.0,0.0,1,,,0,False,False,False,,,,False,False,0,Rule-Based,147.76314465942795,233.6318384733024,142.18014937954365
996.0,149.3376561125501,233.45670823170107,1,144.66733923379127,0.0,144.66733923379127,468.5382964219575,0.0,0.15077947212768444,0.0,0.0,False,1.9705999875441194e-05,0,0,81,3,150.0,0.0,1,,,0,False,False,False,,,,False,False,0,Rule-Based,149.3376561125501,233.45670823170107,144.66733923379127
1086.0,150.40937590120726,234.07129697402283,1,70.91013839970975,0.0,70.91013839970975,630.6091887250602,0.0,0.15,0.0,0.0,False,2.00090003090736e-05,0,0,82,3,150.0,0.0,1,,,0,False,False,False,,,,False,False,0,Rule-Based,150.40937590120726,234.07129697402283,146.7541571474394
1114.5,151.51817637689803,233.72001953594835,1,0.0,0.0,0.0,729.2618040871537,0.0,0.15,0.0,0.0,False,2.052200034086127e-05,0,0,83,3,150.0,0.0,1,,,0,False,False,False,,,,False,False,0,Rule-Based,151.51817637689803,233.72001953594835,152.59481347637612
1168.0,152.9019501230334,234.0668523119792,1,0.0,0.0,0.0,781.0311975649875,0.0,0.15,0.0,0.0,False,2.1924000066064764e-05,0,0,84,3,150.0,0.0,1,,,0,False,False,False,,,,False,False,0,Rule-Based,152.9019501230334,234.0668523119792,152.97415523933947
1186.0,150.98836787563886,232.72072224368085,1,0.0,0.0,0.0,802.2909098806803,0.0,0.15,0.0,0.0,False,2.0214999949530466e-05,0,0,85,3,150.0,0.0,1,,,0,False,False,False,,,,False,False,0,Rule-Based,150.98836787563886,232.72072224368085,142.79623409493075
1251.5,152.5745759604284,232.39977558476932,1,0.0,0.0,0.0,866.5256484548023,0.0,0.15,0.0,0.0,False,2.167999991797842e-05,0,0,86,3,150.0,0.0,1,,,0,False,False,False,,,,False,False,0,Rule-Based,152.5745759604284,232.39977558476932,141.77745375774498
1251.0,150.96293046554362,233.86344273489263,1,0.0,0.0,0.0,866.1736267995637,0.0,0.15,0.0,0.0,False,2.0336000034149038e-05,0,0,87,3,150.0,0.0,1,,,0,False,False,False,,,,False,False,0,Rule-Based,150.96293046554362,233.86344273489263,144.93485262044427
1250.5,152.59733569886808,233.24828665177856,1,0.0,0.0,0.0,864.6543776493534,0.0,0.15,0.0,0.0,False,2.036400019278517e-05,0,0,88,3,150.0,0.0,1,,,0,False,False,False,,,,False,False,0,Rule-Based,152.59733569886808,233.24828665177856,144.80292825591596
1233.5,150.97851663191938,233.02315277517164,1,0.0,0.0,0.0,849.498330592909,0.0,0.15,0.0,0.0,False,2.0414000118762488e-05,0,0,89,3,150.0,0.0,1,,,0,False,False,False,,,,False,False,0,Rule-Based,150.97851663191938,233.02315277517164,146.50199331609974
1165.5,148.9006059194066,233.37762841923688,1,0.0,0.0,0.0,783.2217656613566,0.0,0.15,0.0,0.0,False,2.048899978035479e-05,0,0,90,3,150.0,0.0,1,,,0,False,False,False,,,,False,False,0,Rule-Based,148.9006059194066,233.37762841923688,147.13603534154464
1102.0,149.36247011728818,232.3284149069393,1,0.0,0.0,0.0,720.3091149757726,0.0,0.15,0.0,0.0,False,2.0792999748664442e-05,0,0,91,3,150.0,0.0,1,,,0,False,False,False,,,,False,False,0,Rule-Based,149.36247011728818,232.3284149069393,142.99494722765337
1063.0,149.6841353876806,232.8089397748721,1,0.0,0.0,0.0,680.5069248374473,0.0,0.15,0.0,0.0,False,2.086000040435465e-05,0,0,92,3,150.0,0.0,1,,,0,False,False,False,,,,False,False,0,Rule-Based,149.6841353876806,232.8089397748721,139.83008059661617
1030.5,149.84329056335372,232.47419338492463,1,0.0,0.0,0.0,648.1825160517217,0.0,0.15,0.0,0.0,False,2.072200004477054e-05,0,0,93,3,150.0,0.0,1,,,0,False,False,False,,,,False,False,0,Rule-Based,149.84329056335372,232.47419338492463,146.5569190060153
955.0,148.51554163136095,235.48234868382627,1,0.0,0.0,0.0,571.0021096848128,0.0,0.15,0.0,0.0,False,2.0615999801520957e-05,0,0,94,3,150.0,0.0,1,,,0,False,False,False,,,,False,False,0,Rule-Based,148.51554163136095,235.48234868382627,140.39826045726556
920.0,146.36351738780152,234.3144948812458,1,0.0,0.0,0.0,539.3219877309527,0.0,0.15,0.0,0.0,False,2.2304999674815917e-05,0,0,95,3,150.0,0.0,1,,,0,False,False,False,,,,False,False,0,Rule-Based,146.36351738780152,234.3144948812458,137.1095910357076
907.0,147.8268167742475,234.04549469700763,1,0.0,0.0,0.0,525.1276885287449,0.0,0.15,0.0,0.0,False,2.1891999949730234e-05,0,0,96,3,150.0,0.0,1,,,0,False,False,False,,,,False,False,0,Rule-Based,147.8268167742475,234.04549469700763,128.5487239698619
831.5,153.24908029157717,233.58394387572383,1,0.0,0.0,0.0,444.666975832699,0.0,0.15,0.0,0.0,False,2.1095999727549497e-05,0,0,97,3,150.0,0.0,1,,,0,False,False,False,,,,False,False,0,Rule-Based,153.24908029157717,233.58394387572383,129.47257148422648
825.5,150.1855638026357,232.6645843025856,1,0.0,0.0,0.0,442.6498518947787,0.0,0.15,0.0,0.0,False,2.2259000161284348e-05,0,0,98,3,150.0,0.0,1,,,0,False,False,False,,,,False,False,0,Rule-Based,150.1855638026357,232.6645843025856,120.59068553681016
762.0,148.54339477431245,234.6275402469008,1,0.0,0.0,0.0,378.82906497878673,0.0,0.15,0.0,0.0,False,2.314099992872798e-05,0,0,99,3,150.0,0.0,1,,,0,False,False,False,,,,False,False,0,Rule-Based,148.54339477431245,234.6275402469008,127.39853271001095
747.5,145.57790857604914,234.4882671199255,1,0.0,0.0,0.0,367.4338243040254,0.0,0.15,0.0,0.0,False,2.1658000150637235e-05,0,0,100,3,150.0,0.0,1,,,0,False,False,False,,,,False,False,0,Rule-Based,145.57790857604914,234.4882671199255,128.33046010595123
715.5,146.2099460172318,235.81377372940577,1,0.0,0.0,0.0,333.47628025336246,0.0,0.15,0.0,0.0,False,2.129300037267967e-05,0,0,101,3,150.0,0.0,1,,,0,False,False,False,,,,False,False,0,Rule-Based,146.2099460172318,235.81377372940577,124.02502235239852
673.0,146.60292329524432,236.33487899746143,1,0.0,0.0,0.0,290.0621977072942,0.0,0.15,0.0,0.0,False,2.2231000002648216e-05,0,0,102,3,150.0,0.0,1,,,0,False,False,False,,,,False,False,0,Rule-Based,146.60292329524432,236.33487899746143,123.555789892746
662.5,147.01366411381812,235.30081963545825,1,0.0,0.0,0.0,280.1855162507236,0.0,0.15,0.0,0.0,False,2.1514999843930127e-05,0,0,103,3,150.0,0.0,1,,,0,False,False,False,,,,False,False,0,Rule-Based,147.01366411381812,235.30081963545825,125.38471740495189
623.0,148.59261042833725,234.476373979521,1,0.0,0.0,0.0,239.93101559214176,0.0,0.15,0.0,0.0,False,2.0773000414919807e-05,0,0,104,3,150.0,0.0,1,,,0,False,False,False,,,,False,False,0,Rule-Based,148.59261042833725,234.476373979521,127.4545739883167
594.5,151.2124592632925,234.48897229964112,1,0.0,0.0,0.0,208.79856843706636,0.0,0.15,0.0,0.0,False,1.983699985430576e-05,0,0,105,3,150.0,0.0,1,,,0,False,False,False,,,,False,False,0,Rule-Based,151.2124592632925,234.48897229964112,132.0748019613873
599.5,153.039650410643,233.9662664806654,1,0.0,0.0,0.0,212.4940831086916,0.0,0.15,0.0,0.0,False,1.980700017156778e-05,0,0,106,3,150.0,0.0,1,,,0,False,False,False,,,,False,False,0,Rule-Based,153.039650410643,233.9662664806654,122.26733479041008
569.5,151.75169968861607,232.9042396865887,1,0.0,0.0,0.0,184.84406062479525,0.0,0.15,0.0,0.0,False,1.9812000118690776e-05,0,0,107,3,150.0,0.0,1,,,0,False,False,False,,,,False,False,0,Rule-Based,151.75169968861607,232.9042396865887,113.47594321652711
574.0,154.05843297375674,232.6368439708257,1,0.0,0.0,0.0,187.30472305541753,0.0,0.15,0.0,0.0,False,1.9470000097498996e-05,0,0,108,3,150.0,0.0,1,,,0,False,False,False,,,,False,False,0,Rule-Based,154.05843297375674,232.6368439708257,102.31326911825624
520.0,150.65297819398486,232.41143444506824,1,0.0,0.0,0.0,136.9355873609469,0.0,0.15,0.0,0.0,False,2.0089000372536248e-05,0,0,109,3,150.0,0.0,1,,,0,False,False,False,,,,False,False,0,Rule-Based,150.65297819398486,232.41143444506824,102.45190311861504
525.5,150.08822806594443,232.69009091153129,1,0.0,0.0,0.0,142.7216810225243,0.0,0.15,0.0,0.0,False,1.9671999780257465e-05,0,0,110,3,150.0,0.0,1,,,0,False,False,False,,,,False,False,0,Rule-Based,150.08822806594443,232.69009091153129,106.73494003364408
510.0,151.48616744269216,232.8272588244857,1,0.0,0.0,0.0,125.68657373282213,0.0,0.15,0.0,0.0,False,1.983499987545656e-05,0,0,111,3,150.0,0.0,1,,,0,False,False,False,,,,False,False,0,Rule-Based,151.48616744269216,232.8272588244857,110.92509349924738
477.5,149.1138232999203,231.77294408271268,1,0.0,0.0,0.0,96.61323261736698,0.0,0.15,0.0,0.0,False,2.0106000192754436e-05,0,0,112,3,150.0,0.0,1,,,0,False,False,False,,,,False,False,0,Rule-Based,149.1138232999203,231.77294408271268,105.70807422333309
451.5,145.92899009186087,229.6313253432682,1,0.0,0.0,0.0,75.93968456487096,0.0,0.15,0.0,0.0,False,1.9312999938847497e-05,0,0,113,3,150.0,0.0,1,,,0,False,False,False,,,,False,False,0,Rule-Based,145.92899009186087,229.6313253432682,116.30042897656486
429.5,145.305800816076,228.8009789952661,1,0.0,0.0,0.0,55.39322018865789,0.0,0.15,0.0,0.0,False,2.104499981214758e-05,0,0,114,3,150.0,0.0,1,,,0,False,False,False,,,,False,False,0,Rule-Based,145.305800816076,228.8009789952661,114.52290894808417
400.5,147.66176354132764,230.1333357831901,1,0.0,0.0,0.0,22.704900675482236,0.0,0.15,0.0,0.0,False,2.068999992843601e-05,0,0,115,3,150.0,0.0,1,,,0,False,False,False,,,,False,False,0,Rule-Based,147.66176354132764,230.1333357831901,106.18557064183928
466.5,149.63836167919823,229.06522512386027,1,0.0,0.0,0.0,87.7964131969415,0.0,0.15,0.0,0.0,False,2.065799981210148e-05,0,0,116,3,150.0,0.0,1,,,0,False,False,False,,,,False,False,0,Rule-Based,149.63836167919823,229.06522512386027,101.83159767120438
440.0,150.31155571076977,228.2559541061169,1,0.0,0.0,0.0,61.43249018311337,0.0,0.15,0.0,0.0,False,2.0824999864998972e-05,0,0,117,3,150.0,0.0,1,,,0,False,False,False,,,,False,False,0,Rule-Based,150.31155571076977,228.2559541061169,115.64323142811304
437.0,149.56314624451724,230.0865854544045,1,0.0,0.0,0.0,57.350268301078245,0.0,0.15,0.0,0.0,False,2.099799985444406e-05,0,0,118,3,150.0,0.0,1,,,0,False,False,False,,,,False,False,0,Rule-Based,149.56314624451724,230.0865854544045,119.48530763000728
413.5,149.3959302552415,229.72327935804185,1,0.0,0.0,0.0,34.380790386716626,0.0,0.15,0.0,0.0,False,2.079600017168559e-05,0,0,119,2,80.0,0.0,1,,,0,False,False,False,,,,False,False,0,Rule-Based,149.3959302552415,229.72327935804185,118.53143281163815
398.0,149.94467930069115,230.49614154992224,1,0.0,0.0,0.0,17.559179149386637,0.0,0.15,0.0,0.0,False,2.0755000150529668e-05,0,0,120,3,150.0,0.0,1,,,0,False,False,False,,,,False,False,0,Rule-Based,149.94467930069115,230.49614154992224,118.5170899043895
398.0,145.6825198666705,234.46354606975535,1,0.0,0.0,0.0,17.853934063574115,0.0,0.15,0.0,0.0,False,2.064000000245869e-05,0,0,121,3,150.0,0.0,1,,,0,False,False,False,,,,False,False,0,Rule-Based,145.6825198666705,234.46354606975535,122.07680047905248
406.5,146.02663925815193,237.04916121135184,1,0.0,0.0,0.0,23.424199530496253,0.0,0.15,0.0,0.0,False,2.0390999907249352e-05,0,0,122,2,80.0,0.0,1,,,0,False,False,False,,,,False,False,0,Rule-Based,146.02663925815193,237.04916121135184,122.44806562118627
380.0,146.98838648439212,233.01161351560788,1,0.0,0.0,0.0,0.0,0.0,0.15,0.0,0.0,False,2.079600017168559e-05,0,0,123,2,80.0,0.0,1,,,0,False,False,False,,,,False,False,0,Rule-Based,146.98838648439212,238.1101436165242,116.8290147513312
406.5,149.74726335204366,236.94976391400093,1,0.0,0.0,0.0,19.802972733955414,0.0,0.15,0.0,0.0,False,2.0928999674652005e-05,0,0,124,2,80.0,0.0,1,,,0,False,False,False,,,,False,False,0,Rule-Based,149.74726335204366,236.94976391400093,121.36177820279433
403.0,147.72847648286117,239.53164674091744,1,0.0,0.0,0.0,15.739876776221422,0.0,0.15,0.0,0.0,False,2.0522999875538517e-05,0,0,125,2,80.0,0.0,1,,,0,False,False,False,,,,False,False,0,Rule-Based,147.72847648286117,239.53164674091744,126.19360964118064
389.0,148.99999999999997,240.0,2,0.0,0.0,0.0,0.0,0.0,0.15,0.0,0.0,False,2.08589999601827e-05,1,0,126,2,80.0,0.0,1,,,0,False,False,False,,,,False,False,0,Rule-Based,150.23489176031748,241.1337586878798,125.49162385915008
418.5,147.06721362400145,244.30895204959097,2,0.0,0.0,0.0,27.123834326407575,0.0,0.15,0.0,0.0,False,2.1113999991939636e-05,0,0,127,2,80.0,0.0,1,,,0,False,False,False,,,,False,False,0,Rule-Based,147.06721362400145,244.30895204959097,118.2283764937138
407.5,144.2781856427805,244.7890735203948,2,0.0,0.0,0.0,18.432740836824678,0.0,0.15,0.0,0.0,False,2.1174999801587546e-05,0,0,128,3,150.0,0.0,1,,,0,False,False,False,,,,False,False,0,Rule-Based,144.2781856427805,244.7890735203948,116.0408892664564
392.5,146.32292323400878,246.17707676599122,2,0.0,0.0,0.0,0.0,0.0,0.15,0.0,0.0,False,2.2557999727723654e-05,0,0,129,3,150.0,0.0,1,,,0,False,False,False,,,,False,False,0,Rule-Based,146.32292323400878,247.09996932297813,119.46387495410198
427.0,146.41343096536332,246.51496734088892,2,0.0,0.0,0.0,34.071601693747766,0.0,0.15,0.0,0.0,False,2.0851000044785906e-05,0,0,130,3,150.0,0.0,1,,,0,False,False,False,,,,False,False,0,Rule-Based,146.41343096536332,246.51496734088892,121.904091323453
398.0,147.01770784602934,245.33518988867476,2,0.0,0.0,0.0,5.647102265295871,0.0,0.15,0.0,0.0,False,2.0152999695710605e-05,0,0,131,3,150.0,0.0,1,,,0,False,False,False,,,,False,False,0,Rule-Based,147.01770784602934,245.33518988867476,125.07550365512044
433.5,145.61368456720305,245.96604654546036,2,0.0,0.0,0.0,41.92026888733659,0.0,0.15,0.0,0.0,False,1.9765999695664505e-05,0,0,132,3,150.0,0.0,1,,,0,False,False,False,,,,False,False,0,Rule-Based,145.61368456720305,245.96604654546036,129.38343181418816
442.0,146.33336039997823,243.98775584580287,2,0.0,0.0,0.0,51.67888375421887,0.0,0.15,0.0,0.0,False,1.961599991773255e-05,0,0,133,3,150.0,0.0,1,,,0,False,False,False,,,,False,False,0,Rule-Based,146.33336039997823,243.98775584580287,138.17493726516742
405.0,148.0100627779403,241.88608931209663,2,0.0,0.0,0.0,15.103847909963065,0.0,0.15,0.0,0.0,False,2.343500000279164e-05,0,0,134,3,150.0,0.0,1,,,0,False,False,False,,,,False,False,0,Rule-Based,148.0100627779403,241.88608931209663,135.09056692028585
395.0,146.95735936066814,242.8954502893447,2,0.0,0.0,0.0,5.14719034998717,0.0,0.15,0.0,0.0,False,2.2102999992057448e-05,0,0,135,3,150.0,0.0,1,,,0,False,False,False,,,,False,False,0,Rule-Based,146.95735936066814,242.8954502893447,131.06529399576095
445.0,145.89882497732378,241.01473245272047,2,0.0,0.0,0.0,58.08644256995575,0.0,0.15,0.0,0.0,False,2.2110000372776994e-05,0,0,136,3,150.0,0.0,1,,,0,False,False,False,,,,False,False,0,Rule-Based,145.89882497732378,241.01473245272047,132.25553262959008
422.0,149.4488869041451,241.4743344231725,2,0.0,0.0,0.0,31.076778672682394,0.0,0.15,0.0,0.0,False,2.1211999865045073e-05,0,0,137,3,150.0,0.0,1,,,0,False,False,False,,,,False,False,0,Rule-Based,149.4488869041451,241.4743344231725,125.59105063609228
438.5,151.09557515201607,241.6108772138029,2,0.0,0.0,0.0,45.79354763418104,0.0,0.15,0.0,0.0,False,2.061000031972071e-05,0,0,138,3,150.0,0.0,1,,,0,False,False,False,,,,False,False,0,Rule-Based,151.09557515201607,241.6108772138029,123.05689303775414
431.0,151.54529909867836,241.0509254072533,2,0.0,0.0,0.0,38.40377549406833,0.0,0.15,0.0,0.0,False,2.124600041497615e-05,0,0,139,3,150.0,0.0,1,,,0,False,False,False,,,,False,False,0,Rule-Based,151.54529909867836,241.0509254072533,123.8525339598846
490.0,151.80262416324263,241.3050990120853,2,0.0,0.0,0.0,96.89227682467208,0.0,0.15,0.0,0.0,False,2.0461999611143256e-05,0,0,140,3,150.0,0.0,1,,,0,False,False,False,,,,False,False,0,Rule-Based,151.80262416324263,241.3050990120853,123.42224304718113
465.5,151.1098447252392,241.86910455668124,2,0.0,0.0,0.0,72.52105071807955,0.0,0.15,0.0,0.0,False,2.2405999970942503e-05,0,0,141,3,150.0,0.0,1,,,0,False,False,False,,,,False,False,0,Rule-Based,151.1098447252392,241.86910455668124,122.28099664327668
470.5,154.9022286329805,240.1463232537044,2,0.0,0.0,0.0,75.45144811331511,0.0,0.15,0.0,0.0,False,2.1267000192892738e-05,0,0,142,3,150.0,0.0,1,,,0,False,False,False,,,,False,False,0,Rule-Based,154.9022286329805,240.1463232537044,125.17034811601542
499.5,152.25133473043434,238.3000216439065,1,0.0,0.0,0.0,108.9486436256592,0.0,0.15,0.0,0.0,False,2.4901999950088793e-05,0,0,143,3,150.0,0.0,1,,,0,False,False,False,,,,False,False,0,Rule-Based,152.25133473043434,238.3000216439065,129.79217439448743
479.5,153.68019553142594,238.18990458613712,1,0.0,0.0,0.0,87.62989988243692,0.0,0.15,0.0,0.0,False,2.2913999600859825e-05,0,0,144,3,150.0,0.0,1,,,0,False,False,False,,,,False,False,0,Rule-Based,153.68019553142594,238.18990458613712,126.48248986588725
494.0,152.6056738392595,235.68746728109872,1,0.0,0.0,0.0,105.7068588796418,0.0,0.15,0.0,0.0,False,2.2697000076732365e-05,0,0,145,3,150.0,0.0,1,,,0,False,False,False,,,,False,False,0,Rule-Based,152.6056738392595,235.68746728109872,134.83122227881503
483.0,154.28899572361493,237.54951000680185,1,0.0,0.0,0.0,91.16149426958322,0.0,0.15,0.0,0.0,False,2.1400000150606502e-05,0,0,146,3,150.0,0.0,1,,,0,False,False,False,,,,False,False,0,Rule-Based,154.28899572361493,237.54951000680185,138.3278851568375
534.5,148.6364876129118,237.48316144418152,1,0.0,0.0,0.0,148.38035094290672,0.0,0.15,0.0,0.0,False,2.110800005539204e-05,0,0,147,3,150.0,0.0,1,,,0,False,False,False,,,,False,False,0,Rule-Based,148.6364876129118,237.48316144418152,141.21353842400944
517.5,151.1846807886276,236.86282188800985,1,0.0,0.0,0.0,129.45249732336254,0.0,0.15,0.0,0.0,False,2.15580002986826e-05,0,0,148,3,150.0,0.0,1,,,0,False,False,False,,,,False,False,0,Rule-Based,151.1846807886276,236.86282188800985,135.368480158449
549.5,150.95269234957112,240.09143656875003,2,0.0,0.0,0.0,158.45587108167888,0.0,0.15,0.0,0.0,False,2.1950999780528946e-05,1,0,149,3,150.0,0.0,1,,,0,False,False,False,,,,False,False,0,Rule-Based,150.95269234957112,240.09143656875003,135.06605718983093
587.0,150.46540788856473,238.6704769206039,1,0.0,0.0,0.0,197.8641151908314,0.0,0.15,0.0,0.0,False,2.3036000129650347e-05,0,0,150,3,150.0,0.0,1,,,0,False,False,False,,,,False,False,0,Rule-Based,150.46540788856473,238.6704769206039,147.7441580150647
598.5,151.00372228149348,237.11797958026787,1,0.0,0.0,0.0,210.37829813823862,0.0,0.15,0.0,0.0,False,2.0448999748623464e-05,0,0,151,3,150.0,0.0,1,,,0,False,False,False,,,,False,False,0,Rule-Based,151.00372228149348,237.11797958026787,145.46842490359154
597.5,149.48761841946978,237.30132590868865,1,0.0,0.0,0.0,210.71105567184156,0.0,0.15,0.0,0.0,False,2.0172999938949943e-05,0,0,152,3,150.0,0.0,1,,,0,False,False,False,,,,False,False,0,Rule-Based,149.48761841946978,237.30132590868865,151.62874679742515
638.5,147.26229436666978,234.9215802163791,1,0.0,0.0,0.0,256.3161254169511,0.0,0.15,0.0,0.0,False,2.1718999960285146e-05,0,0,153,3,150.0,0.0,1,,,0,False,False,False,,,,False,False,0,Rule-Based,147.26229436666978,234.9215802163791,157.88924290846742
666.0,144.27148883262268,233.91830914703053,1,0.0,0.0,0.0,287.81020202034676,0.0,0.15,0.0,0.0,False,2.0297999981266912e-05,0,0,154,3,150.0,0.0,1,,,0,False,False,False,,,,False,False,0,Rule-Based,144.27148883262268,233.91830914703053,152.89456509570627
652.0,147.82201606227275,233.4427159999792,1,0.0,0.0,0.0,270.73526793774806,0.0,0.15,0.0,0.0,False,2.045800010819221e-05,0,0,155,3,150.0,0.0,1,,,0,False,False,False,,,,False,False,0,Rule-Based,147.82201606227275,233.4427159999792,149.465430062784
718.5,149.91256941141606,231.209591072151,1,0.0,0.0,0.0,337.3778395164329,0.0,0.15,0.0,0.0,False,1.9902000076399418e-05,0,0,156,3,150.0,0.0,1,,,0,False,False,False,,,,False,False,0,Rule-Based,149.91256941141606,231.209591072151,153.05288043007857
714.5,150.35386810835283,232.4454430329408,1,0.0,0.0,0.0,331.70068885870637,0.0,0.15,0.0,0.0,False,1.9694000002346e-05,0,0,157,3,150.0,0.0,1,,,0,False,False,False,,,,False,False,0,Rule-Based,150.35386810835283,232.4454430329408,156.9000500148681
760.5,147.43033995705795,233.6584729806748,1,0.0,0.0,0.0,379.41118706226723,0.0,0.15,0.0,0.0,False,1.9490000340738334e-05,0,0,158,3,150.0,0.0,1,,,0,False,False,False,,,,False,False,0,Rule-Based,147.43033995705795,233.6584729806748,151.97905659850375
739.5,147.84892817402007,233.91150011983405,1,0.0,0.0,0.0,357.73957170614585,0.0,0.15,0.0,0.0,False,1.989499969567987e-05,0,0,159,3,150.0,0.0,1,,,0,False,False,False,,,,False,False,0,Rule-Based,147.84892817402007,233.91150011983405,148.6542183116953
830.5,146.86138971434357,234.0292527677221,1,0.0,0.0,0.0,449.6093575179343,0.0,0.15,0.0,0.0,False,2.107899990733131e-05,0,0,160,3,150.0,0.0,1,,,0,False,False,False,,,,False,False,0,Rule-Based,146.86138971434357,234.0292527677221,150.6431684738031
838.0,147.71413564562025,235.45859283214756,1,0.0,0.0,0.0,454.8272715222322,0.0,0.15,0.0,0.0,False,2.1400000150606502e-05,0,0,161,3,150.0,0.0,1,,,0,False,False,False,,,,False,False,0,Rule-Based,147.71413564562025,235.45859283214756,150.27284135486215
857.5,144.8993934634439,234.68900694276863,1,0.0,0.0,0.0,477.9115995937875,0.0,0.15,0.0,0.0,False,2.093500006594695e-05,0,0,162,3,150.0,0.0,1,,,0,False,False,False,,,,False,False,0,Rule-Based,144.8993934634439,234.68900694276863,148.32437227067985
901.0,142.80754349655265,234.15871297080912,1,0.0,0.0,0.0,524.0337435326383,0.0,0.15,0.0,0.0,False,2.3196999791252892e-05,0,0,163,3,150.0,0.0,1,,,0,False,False,False,,,,False,False,0,Rule-Based,142.80754349655265,234.15871297080912,148.12017941979278
951.5,141.42497688799008,234.87056612278272,1,0.0,0.0,0.0,575.2044569892272,0.0,0.15,0.0,0.0,False,2.2630999865214108e-05,0,0,164,3,150.0,0.0,1,,,0,False,False,False,,,,False,False,0,Rule-Based,141.42497688799008,234.87056612278272,140.7343933726845
1010.0,141.0191559542541,235.47560814107223,1,0.0,0.0,0.0,633.5052359046737,0.0,0.15,0.0,0.0,False,2.2016999992047204e-05,0,0,165,3,150.0,0.0,1,,,0,False,False,False,,,,False,False,0,Rule-Based,141.0191559542541,235.47560814107223,138.10793247457025
1056.5,142.27478916237143,235.12107550561552,1,0.0,0.0,0.0,679.104135332013,0.0,0.15,0.0,0.0,False,2.1740000192949083e-05,0,0,166,3,150.0,0.0,1,,,0,False,False,False,,,,False,False,0,Rule-Based,142.27478916237143,235.12107550561552,129.86850303852097
1117.0,143.3853153290454,235.32382700582104,1,0.0,0.0,0.0,738.2908576651336,0.0,0.15,0.0,0.0,False,2.1316000129445456e-05,0,0,167,3,150.0,0.0,1,,,0,False,False,False,,,,False,False,0,Rule-Based,143.3853153290454,235.32382700582104,129.4806725882271
1136.5,141.30412051287612,234.77938792797087,1,0.0,0.0,0.0,760.416491559153,0.0,0.15,0.0,0.0,False,2.14030001188803e-05,0,0,168,3,150.0,0.0,1,,,0,False,False,False,,,,False,False,0,Rule-Based,141.30412051287612,234.77938792797087,133.57690805417116
1229.0,143.34154925415274,232.80260622697253,1,0.0,0.0,0.0,852.8558445188747,0.0,0.15,0.0,0.0,False,2.0975999632355524e-05,0,0,169,3,150.0,0.0,1,,,0,False,False,False,,,,False,False,0,Rule-Based,143.34154925415274,232.80260622697253,129.64571379973145
1265.0,142.82604087447606,230.47624479060016,1,0.0,0.0,0.0,891.6977143349238,0.0,0.15,0.0,0.0,False,2.610100000310922e-05,0,0,170,3,150.0,0.0,1,,,0,False,False,False,,,,False,False,0,Rule-Based,142.82604087447606,230.47624479060016,127.65589344933356
1248.0,141.56809741490244,231.26148280216296,1,0.0,0.0,0.0,875.1704197829346,0.0,0.15,0.0,0.0,False,2.2149999949760968e-05,0,0,171,3,150.0,0.0,1,,,0,False,False,False,,,,False,False,0,Rule-Based,141.56809741490244,231.26148280216296,125.3860464529114
1246.5,138.11053664934167,232.3984820892333,1,0.0,0.0,0.0,875.9909812614251,0.0,0.15,0.0,0.0,False,2.2200999865162885e-05,0,0,172,3,150.0,0.0,1,,,0,False,False,False,,,,False,False,0,Rule-Based,138.11053664934167,232.3984820892333,117.95392961691942
1221.5,137.3937213456423,233.8322155486514,1,0.0,0.0,0.0,850.2740631057063,0.0,0.15,0.0,0.0,False,2.3626000256626867e-05,0,0,173,3,150.0,0.0,1,,,0,False,False,False,,,,False,False,0,Rule-Based,137.3937213456423,233.8322155486514,114.46410292308724
1119.5,140.57764794682322,233.05664895550157,1,0.0,0.0,0.0,745.8657030976752,0.0,0.15,0.0,0.0,False,2.2029999854566995e-05,0,0,174,3,150.0,0.0,1,,,0,False,False,False,,,,False,False,0,Rule-Based,140.57764794682322,233.05664895550157,115.2653068266074
1087.5,139.15265549951332,234.4212428687896,1,0.0,0.0,0.0,713.9261016316971,0.0,0.15,0.0,0.0,False,2.151100034097908e-05,0,0,175,3,150.0,0.0,1,,,0,False,False,False,,,,False,False,0,Rule-Based,139.15265549951332,234.4212428687896,109.71435718579646
1065.5,136.16792754963754,235.14670236312864,1,0.0,0.0,0.0,694.1853700872339,0.0,0.15,0.0,0.0,False,2.141699997082469e-05,0,0,176,3,150.0,0.0,1,,,0,False,False,False,,,,False,False,0,Rule-Based,136.16792754963754,235.14670236312864,111.54198655227611
985.5,136.33668187596686,234.30939797134624,1,0.0,0.0,0.0,614.8539201526869,0.0,0.15,0.0,0.0,False,2.253800039397902e-05,0,0,177,3,150.0,0.0,1,,,0,False,False,False,,,,False,False,0,Rule-Based,136.33668187596686,234.30939797134624,111.42822309848344
965.5,135.94540761107118,236.0459156212468,1,0.0,0.0,0.0,593.508676767682,0.0,0.15,0.0,0.0,False,2.222399962192867e-05,0,0,178,3,150.0,0.0,1,,,0,False,False,False,,,,False,False,0,Rule-Based,135.94540761107118,236.0459156212468,107.0293431348404
914.5,134.41860983183784,234.66302813421737,1,0.0,0.0,0.0,545.4183620339447,0.0,0.15,0.0,0.0,False,2.1981999907438876e-05,0,0,179,3,150.0,0.0,1,,,0,False,False,False,,,,False,False,0,Rule-Based,134.41860983183784,234.66302813421737,121.7057896017424
855.0,137.21506078565338,236.5626669292968,1,0.0,0.0,0.0,481.2222722850498,0.0,0.15,0.0,0.0,False,2.1642999854520895e-05,0,0,180,3,150.0,0.0,1,,,0,False,False,False,,,,False,False,0,Rule-Based,137.21506078565338,236.5626669292968,123.21572343531956
828.5,138.25060799597256,237.5260410754477,1,0.0,0.0,0.0,452.72335092857975,0.0,0.15,0.0,0.0,False,2.298700019309763e-05,0,0,181,3,150.0,0.0,1,,,0,False,False,False,,,,False,False,0,Rule-Based,138.25060799597256,237.5260410754477,126.34269359806828
842.0,136.18159716743224,236.96971343050976,1,0.0,0.0,0.0,468.84868940205797,0.0,0.15,0.0,0.0,False,2.2144000013213372e-05,0,0,182,3,150.0,0.0,1,,,0,False,False,False,,,,False,False,0,Rule-Based,136.18159716743224,236.96971343050976,125.6559141294774
775.0,136.05072803889323,236.19899461077648,1,0.0,0.0,0.0,402.7502773503303,0.0,0.15,0.0,0.0,False,2.3380000129691325e-05,0,0,183,3,150.0,0.0,1,,,0,False,False,False,,,,False,False,0,Rule-Based,136.05072803889323,236.19899461077648,126.80382408111966
764.5,134.20424623957817,235.5574473498958,1,0.0,0.0,0.0,394.73830641052604,0.0,0.15,0.0,0.0,False,2.1598999865091173e-05,0,0,184,3,150.0,0.0,1,,,0,False,False,False,,,,False,False,0,Rule-Based,134.20424623957817,235.5574473498958,126.92014536497344
687.5,134.5468944638566,235.59574072824043,1,0.0,0.0,0.0,317.35736480790297,0.0,0.15,0.0,0.0,False,2.1359000129450578e-05,0,0,185,3,150.0,0.0,1,,,0,False,False,False,,,,False,False,0,Rule-Based,134.5468944638566,235.59574072824043,116.7378562880934
684.5,138.91211189807106,237.36967743788733,1,0.0,0.0,0.0,308.21821066404164,0.0,0.15,0.0,0.0,False,2.1011000171711203e-05,0,0,186,3,150.0,0.0,1,,,0,False,False,False,,,,False,False,0,Rule-Based,138.91211189807106,237.36967743788733,116.1595193472696
675.5,141.44414476800688,236.37470376130943,1,0.0,0.0,0.0,297.6811514706837,0.0,0.15,0.0,0.0,False,2.0776000383193605e-05,0,0,187,3,150.0,0.0,1,,,0,False,False,False,,,,False,False,0,Rule-Based,141.44414476800688,236.37470376130943,120.95868997997933
647.5,141.1532986654192,236.19164977340083,1,0.0,0.0,0.0,270.15505156118,0.0,0.15,0.0,0.0,False,2.290599968546303e-05,0,0,188,3,150.0,0.0,1,,,0,False,False,False,,,,False,False,0,Rule-Based,141.1532986654192,236.19164977340083,124.90514190421888
593.5,139.7546732121589,235.5047854200135,1,0.0,0.0,0.0,218.24054136782763,0.0,0.15,0.0,0.0,False,2.0571000277413987e-05,0,0,189,3,150.0,0.0,1,,,0,False,False,False,,,,False,False,0,Rule-Based,139.7546732121589,235.5047854200135,129.1519720200301
590.0,140.4304273022025,234.8083687412465,1,0.0,0.0,0.0,214.76120395655096,0.0,0.15,0.0,0.0,False,2.0570999822666636e-05,0,0,190,3,150.0,0.0,1,,,0,False,False,False,,,,False,False,0,Rule-Based,140.4304273022025,234.8083687412465,133.06299132400244
549.0,140.93766296568066,234.21729759286157,1,0.0,0.0,0.0,173.84503944145774,0.0,0.15,0.0,0.0,False,2.0712000150524545e-05,0,0,191,3,150.0,0.0,1,,,0,False,False,False,,,,False,False,0,Rule-Based,140.93766296568066,234.21729759286157,134.301672984024
543.0,144.64499951764836,232.695464242036,1,0.0,0.0,0.0,165.65953624031567,0.0,0.15,0.0,0.0,False,2.0303999917814508e-05,0,0,192,3,150.0,0.0,1,,,0,False,False,False,,,,False,False,0,Rule-Based,144.64499951764836,232.695464242036,138.83486393583144
534.5,143.9014439131651,232.61694755913155,1,0.0,0.0,0.0,157.98160852770332,0.0,0.15,0.0,0.0,False,2.198899983341107e-05,0,0,193,3,150.0,0.0,1,,,0,False,False,False,,,,False,False,0,Rule-Based,143.9014439131651,232.61694755913155,132.5743876164711
521.0,142.84310324987104,233.46150887021344,1,0.0,0.0,0.0,144.69538787991553,0.0,0.15,0.0,0.0,False,2.095500030918629e-05,0,0,194,3,150.0,0.0,1,,,0,False,False,False,,,,False,False,0,Rule-Based,142.84310324987104,233.46150887021344,135.25573238835577
451.5,145.35355673738474,232.4228200427185,1,0.0,0.0,0.0,73.72362321989675,0.0,0.15,0.0,0.0,False,2.0571000277413987e-05,0,0,195,3,150.0,0.0,1,,,0,False,False,False,,,,False,False,0,Rule-Based,145.35355673738474,232.4228200427185,132.35360747927135
472.0,145.18876629941616,233.4575256075113,1,0.0,0.0,0.0,93.35370809307256,0.0,0.15,0.0,0.0,False,2.079700016111019e-05,0,0,196,3,150.0,0.0,1,,,0,False,False,False,,,,False,False,0,Rule-Based,145.18876629941616,233.4575256075113,124.28352900494004
482.5,142.99872399197994,234.9899983327321,1,0.0,0.0,0.0,104.51127767528794,0.0,0.15,0.0,0.0,False,2.116799987561535e-05,0,0,197,3,150.0,0.0,1,,,0,False,False,False,,,,False,False,0,Rule-Based,142.99872399197994,234.9899983327321,131.65906593923148
478.0,143.96038193615098,236.48949330045775,1,0.0,0.0,0.0,97.5501247633913,0.0,0.15,0.0,0.0,False,2.08579999707581e-05,0,0,198,3,150.0,0.0,1,,,0,False,False,False,,,,False,False,0,Rule-Based,143.96038193615098,236.48949330045775,126.30615611547796
428.5,142.74389504096652,235.91928612816585,1,0.0,0.0,0.0,49.83681883086763,0.0,0.15,0.0,0.0,False,2.0851000044785906e-05,0,0,199,3,150.0,0.0,1,,,0,False,False,False,,,,False,False,0,Rule-Based,142.74389504096652,235.91928612816585,124.22453915682404
423.5,146.07711790803862,236.857471714277,1,0.0,0.0,0.0,40.56541037768437,0.0,0.15,0.0,0.0,False,2.0945999949617544e-05,0,0,200,2,80.0,0.0,1,,,0,False,False,False,,,,False,False,0,Rule-Based,146.07711790803862,236.857471714277,130.1790194561744
409.5,148.82709011307878,235.8814894817665,1,0.0,0.0,0.0,24.791420405154724,0.0,0.15,0.0,0.0,False,2.099699986501946e-05,0,0,201,2,80.0,0.0,1,,,0,False,False,False,,,,False,False,0,Rule-Based,148.82709011307878,235.8814894817665,133.20270900301676
409.5,148.81573586384962,237.7014827032543,1,0.0,0.0,0.0,22.982781432896104,0.0,0.15,0.0,0.0,False,2.332399981241906e-05,0,0,202,1,30.0,0.0,1,,,0,False,False,False,,,,False,False,0,Rule-Based,148.81573586384962,237.7014827032543,148.88461438400918
417.0,150.37351387039044,240.59236065491763,2,0.0,0.0,0.0,26.034125474691905,0.0,0.15,0.0,0.0,False,2.1098999695823295e-05,1,0,203,1,30.0,0.0,1,,,0,False,False,False,,,,False,False,0,Rule-Based,150.37351387039044,240.59236065491763,153.6738048197507
438.5,152.19975720145231,240.6619814341819,2,0.0,0.0,0.0,45.6382613643658,0.0,0.15,0.0,0.0,False,2.148200019291835e-05,0,0,204,1,30.0,0.0,1,,,0,False,False,False,,,,False,False,0,Rule-Based,152.19975720145231,240.6619814341819,159.2348682344834
413.0,149.3814145352883,239.32867509354188,1,0.0,0.0,0.0,24.289910371169867,0.0,0.15,0.0,0.0,False,2.293499983352376e-05,0,0,205,1,30.0,0.0,1,,,0,False,False,False,,,,False,False,0,Rule-Based,149.3814145352883,239.32867509354188,160.36171202711012
385.0,148.74760765971658,236.25239234028342,1,0.0,0.0,0.0,0.0,0.0,0.15,0.0,0.0,False,2.2435000119003234e-05,0,0,206,1,30.0,0.0,1,,,0,False,False,False,,,,False,False,0,Rule-Based,148.74760765971658,239.8673974244124,146.91738292717542
398.0,149.5847975011261,238.41309732080848,1,0.0,0.0,0.0,10.002105178065449,0.0,0.15,0.0,0.0,False,2.199099981226027e-05,0,0,207,1,30.0,0.0,1,,,0,False,False,False,,,,False,False,0,Rule-Based,149.5847975011261,238.41309732080848,142.29012022025304
412.0,147.0799412794146,241.8485858688391,2,0.0,0.0,0.0,23.071472851746307,0.0,0.15,0.0,0.0,False,2.2825000087323133e-05,1,0,208,1,30.0,0.0,1,,,0,False,False,False,,,,False,False,0,Rule-Based,147.0799412794146,241.8485858688391,142.53369772069232
389.5,143.13867766878553,238.47745279659603,1,0.0,0.0,0.0,7.883869534618441,0.0,0.15,0.0,0.0,False,2.357600033064955e-05,0,0,209,2,80.0,0.0,1,,,0,False,False,False,,,,False,False,0,Rule-Based,143.13867766878553,238.47745279659603,138.8024061342272
370.0,141.80757263555117,228.19242736444883,1,0.0,0.0,0.0,0.0,0.0,0.15,0.0,0.0,False,2.214799997091177e-05,0,0,210,2,80.0,0.0,1,,,0,False,False,False,,,,False,False,0,Rule-Based,141.80757263555117,239.78200080271503,137.233400963675
372.0,143.0971476302047,228.9028523697953,1,0.0,0.0,0.0,0.0,0.0,0.15,0.0,0.0,False,2.1999000182404416e-05,0,0,211,2,80.0,0.0,1,,,0,False,False,False,,,,False,False,0,Rule-Based,143.0971476302047,239.46569921232157,145.685602298518
407.5,146.52272372344777,239.35746714740745,1,0.0,0.0,0.0,21.619809129144755,0.0,0.15,0.0,0.0,False,2.4293000024044886e-05,0,0,212,2,80.0,0.0,1,,,0,False,False,False,,,,False,False,0,Rule-Based,146.52272372344777,239.35746714740745,138.66552633701252
410.0,150.17304872524224,238.98873408312616,1,0.0,0.0,0.0,20.8382171916316,0.0,0.15,0.0,0.0,False,2.2323999928630656e-05,0,0,213,3,150.0,0.0,1,,,0,False,False,False,,,,False,False,0,Rule-Based,150.17304872524224,238.98873408312616,131.66280033383262
408.0,154.6267005119252,239.6681844224915,1,0.0,0.0,0.0,13.7051150655833,0.0,0.15,0.0,0.0,False,2.177299984396086e-05,0,0,214,3,150.0,0.0,1,,,0,False,False,False,,,,False,False,0,Rule-Based,154.6267005119252,239.6681844224915,132.5230954618385
385.5,154.3748928766585,231.1251071233415,1,0.0,0.0,0.0,0.0,0.0,0.15,0.0,0.0,False,2.3034999685478397e-05,0,0,215,3,150.0,0.0,1,,,0,False,False,False,,,,False,False,0,Rule-Based,154.3748928766585,238.76226741171052,127.5388775556942
425.0,153.8084008736855,239.6572931551757,1,0.0,0.0,0.0,31.534305971138792,0.0,0.15,0.0,0.0,False,2.2354000066115987e-05,0,0,216,3,150.0,0.0,1,,,0,False,False,False,,,,False,False,0,Rule-Based,153.8084008736855,239.6572931551757,116.27294102589453
411.0,153.69250640020996,239.08690901700328,1,0.0,0.0,0.0,18.220584582786728,0.0,0.15,0.0,0.0,False,2.1142999685253017e-05,0,0,217,3,150.0,0.0,1,,,0,False,False,False,,,,False,False,0,Rule-Based,153.69250640020996,239.08690901700328,120.32180081359223
412.5,147.39516162070169,240.4831780454737,2,0.0,0.0,0.0,24.621660333824593,0.0,0.15,0.0,0.0,False,2.1127999843884027e-05,1,0,218,3,150.0,0.0,1,,,0,False,False,False,,,,False,False,0,Rule-Based,147.39516162070169,240.4831780454737,121.66686010143148
423.5,147.28633287110463,241.06774626789755,2,0.0,0.0,0.0,35.14592086099782,0.0,0.15,0.0,0.0,False,2.1520999780477723e-05,0,0,219,3,150.0,0.0,1,,,0,False,False,False,,,,False,False,0,Rule-Based,147.28633287110463,241.06774626789755,123.4984609137144
414.5,146.65263403792545,240.0150072666036,2,0.0,0.0,0.0,27.83235869547093,0.0,0.15,0.0,0.0,False,2.1336000372684794e-05,0,0,220,3,150.0,0.0,1,,,0,False,False,False,,,,False,False,0,Rule-Based,146.65263403792545,240.0150072666036,115.49502782518836
410.0,147.76724038048178,240.6810490168857,2,0.0,0.0,0.0,21.55171060263251,0.0,0.15,0.0,0.0,False,2.0836000203416916e-05,0,0,221,3,150.0,0.0,1,,,0,False,False,False,,,,False,False,0,Rule-Based,147.76724038048178,240.6810490168857,124.83600891227468
419.5,148.27358979520568,239.7633272754716,1,0.0,0.0,0.0,31.463082929322695,0.0,0.15,0.0,0.0,False,2.3615999907633523e-05,0,0,222,3,150.0,0.0,1,,,0,False,False,False,,,,False,False,0,Rule-Based,148.27358979520568,239.7633272754716,125.7308220304988
461.0,151.62328197155526,239.40314806238345,1,0.0,0.0,0.0,69.97356996606129,0.0,0.15,0.0,0.0,False,2.1373999970819568e-05,0,0,223,3,150.0,0.0,1,,,0,False,False,False,,,,False,False,0,Rule-Based,151.62328197155526,239.40314806238345,125.2587402397743
455.0,151.47208840475892,236.43392811248916,1,0.0,0.0,0.0,67.09398348275192,0.0,0.15,0.0,0.0,False,2.129599988620612e-05,0,0,224,3,150.0,0.0,1,,,0,False,False,False,,,,False,False,0,Rule-Based,151.47208840475892,236.43392811248916,121.88659669187724
449.5,149.71704347112183,238.18724067899385,1,0.0,0.0,0.0,61.5957158498843,0.0,0.15,0.0,0.0,False,2.1560999812209047e-05,0,0,225,3,150.0,0.0,1,,,0,False,False,False,,,,False,False,0,Rule-Based,149.71704347112183,238.18724067899385,116.06690630491008
462.0,147.39115241394143,239.2145027259832,1,0.0,0.0,0.0,75.39434486007536,0.0,0.15,0.0,0.0,False,2.08599999496073e-05,0,0,226,3,150.0,0.0,1,,,0,False,False,False,,,,False,False,0,Rule-Based,147.39115241394143,239.2145027259832,111.98031730950837
504.0,147.18465381690794,240.2545333330926,2,0.0,0.0,0.0,116.56081284999948,0.0,0.15,0.0,0.0,False,2.1436999759316677e-05,1,0,227,3,150.0,0.0,1,,,0,False,False,False,,,,False,False,0,Rule-Based,147.18465381690794,240.2545333330926,104.80969544533306
489.5,146.40400609980338,240.47800387065837,2,0.0,0.0,0.0,102.61799002953825,0.0,0.15,0.0,0.0,False,2.1191000087128486e-05,0,0,228,3,150.0,0.0,1,,,0,False,False,False,,,,False,False,0,Rule-Based,146.40400609980338,240.47800387065837,104.6790612955408
494.5,146.37520102373335,241.4675868659157,2,0.0,0.0,0.0,106.65721211035094,0.0,0.15,0.0,0.0,False,2.1052999727544375e-05,0,0,229,3,150.0,0.0,1,,,0,False,False,False,,,,False,False,0,Rule-Based,146.37520102373335,241.4675868659157,103.77306760691091
483.5,145.11317514051063,241.8169254163697,2,0.0,0.0,0.0,96.56989944311965,0.0,0.15,0.0,0.0,False,2.0851000044785906e-05,0,0,230,3,150.0,0.0,1,,,0,False,False,False,,,,False,False,0,Rule-Based,145.11317514051063,241.8169254163697,105.22323332355222
515.0,146.4352040006473,241.5495133397133,2,0.0,0.0,0.0,127.01528265963941,0.0,0.15,0.0,0.0,False,2.115600000252016e-05,0,0,231,3,150.0,0.0,1,,,0,False,False,False,,,,False,False,0,Rule-Based,146.4352040006473,241.5495133397133,103.47994293822484
543.0,150.1708516548169,241.74498673699844,2,0.0,0.0,0.0,151.08416160818467,0.0,0.15,0.0,0.0,False,2.2925999928702367e-05,0,0,232,3,150.0,0.0,1,,,0,False,False,False,,,,False,False,0,Rule-Based,150.1708516548169,241.74498673699844,102.46181305383745
560.0,151.2613019932335,239.1778994409802,1,0.0,0.0,0.0,169.56079856578629,0.0,0.15,0.0,0.0,False,2.4647999907756457e-05,0,0,233,3,150.0,0.0,1,,,0,False,False,False,,,,False,False,0,Rule-Based,151.2613019932335,239.1778994409802,97.14126111006968
534.5,150.88793803115317,241.0311469590543,2,0.0,0.0,0.0,142.58091500979253,0.0,0.15,0.0,0.0,False,2.186600022469065e-05,1,0,234,3,150.0,0.0,1,,,0,False,False,False,,,,False,False,0,Rule-Based,150.88793803115317,241.0311469590543,89.01633138225704
575.0,149.97959101428927,240.60659373536032,2,0.0,0.0,0.0,184.4138152503504,0.0,0.15,0.0,0.0,False,2.1452000055433018e-05,0,0,235,3,150.0,0.0,1,,,0,False,False,False,,,,False,False,0,Rule-Based,149.97959101428927,240.60659373536032,86.02989768204202
599.0,148.33132242800545,243.31782057465296,2,0.0,0.0,0.0,207.35085699734157,0.0,0.15,0.0,0.0,False,2.1755000034318073e-05,0,0,236,3,150.0,0.0,1,,,0,False,False,False,,,,False,False,0,Rule-Based,148.33132242800545,243.31782057465296,91.46488638631072
608.0,150.19383900863443,243.49519561616205,2,0.0,0.0,0.0,214.31096537520352,0.0,0.15,0.0,0.0,False,2.1422999907372287e-05,0,0,237,3,150.0,0.0,1,,,0,False,False,False,,,,False,False,0,Rule-Based,150.19383900863443,243.49519561616205,88.2009845544503
651.0,151.16841174902143,245.9201595338281,2,0.0,0.0,0.0,253.91142871715044,0.0,0.15,0.0,0.0,False,2.2088000150688458e-05,0,0,238,3,150.0,0.0,1,,,0,False,False,False,,,,False,False,0,Rule-Based,151.16841174902143,245.9201595338281,90.87967628468516
635.0,148.8510899969832,244.4711595878668,2,0.0,0.0,0.0,241.67775041515,0.0,0.15,0.0,0.0,False,2.1830000150657725e-05,0,0,239,3,150.0,0.0,1,,,0,False,False,False,,,,False,False,0,Rule-Based,148.8510899969832,244.4711595878668,96.73052179490406
665.0,147.68659111594135,244.90144691400783,2,0.0,0.0,0.0,272.4119619700508,0.0,0.15,0.0,0.0,False,2.1624999590130756e-05,0,0,240,3,150.0,0.0,1,,,0,False,False,False,,,,False,False,0,Rule-Based,147.68659111594135,244.90144691400783,100.28482292537926
708.0,148.33942188178895,245.0102443516251,2,0.0,0.0,0.0,314.65033376658596,0.0,0.15,0.0,0.0,False,2.1144000129424967e-05,0,0,241,3,150.0,0.0,1,,,0,False,False,False,,,,False,False,0,Rule-Based,148.33942188178895,245.0102443516251,98.2378497694182
730.5,148.97697930068742,245.71873732041863,2,0.0,0.0,0.0,335.80428337889396,0.0,0.15,0.0,0.0,False,2.331100040464662e-05,0,0,242,3,150.0,0.0,1,,,0,False,False,False,,,,False,False,0,Rule-Based,148.97697930068742,245.71873732041863,101.96262700066944
767.5,154.19399243618923,246.17938903301985,2,0.0,0.0,0.0,367.1266185307909,0.0,0.15,0.0,0.0,False,2.0786000277439598e-05,0,0,243,3,150.0,0.0,1,,,0,False,False,False,,,,False,False,0,Rule-Based,154.19399243618923,246.17938903301985,106.03503031250963
791.0,152.54318926807906,246.51910663040996,2,0.0,0.0,0.0,391.937704101511,0.0,0.15,0.0,0.0,False,2.0898000002489425e-05,0,0,244,3,150.0,0.0,1,,,0,False,False,False,,,,False,False,0,Rule-Based,152.54318926807906,246.51910663040996,101.9391077690716
835.0,148.65913683224574,244.0262018064586,2,0.0,0.0,0.0,442.31466136129563,0.0,0.15,0.0,0.0,False,2.126600020346814e-05,0,0,245,3,150.0,0.0,1,,,0,False,False,False,,,,False,False,0,Rule-Based,148.65913683224574,244.0262018064586,100.26862609286546
862.0,147.47020825837305,245.23545084587545,2,0.0,0.0,0.0,469.2943408957515,0.0,0.15,0.0,0.0,False,2.1146000108274166e-05,0,0,246,3,150.0,0.0,1,,,0,False,False,False,,,,False,False,0,Rule-Based,147.47020825837305,245.23545084587545,100.53249683034495
911.0,144.6807618144846,246.3571467540479,2,0.0,0.0,0.0,519.9620914314675,0.0,0.15,0.0,0.0,False,2.10150001294096e-05,0,0,247,3,150.0,0.0,1,,,0,False,False,False,,,,False,False,0,Rule-Based,144.6807618144846,246.3571467540479,99.86367433755444
964.5,144.1595883975687,243.8952260075384,2,0.0,0.0,0.0,576.4451855948929,0.0,0.15,0.0,0.0,False,2.1657000161212636e-05,0,0,248,3,150.0,0.0,1,,,0,False,False,False,,,,False,False,0,Rule-Based,144.1595883975687,243.8952260075384,107.46745178032678
1005.0,141.59128394174363,242.77312558751856,2,0.0,0.0,0.0,620.6355904707378,0.0,0.15,0.0,0.0,False,2.177299984396086e-05,0,0,249,3,150.0,0.0,1,,,0,False,False,False,,,,False,False,0,Rule-Based,141.59128394174363,242.77312558751856,107.784353703042
1050.5,142.63020785251533,241.01725437700256,2,0.0,0.0,0.0,666.8525377704821,0.0,0.15,0.0,0.0,False,2.1794000076624798e-05,0,0,250,3,150.0,0.0,1,,,0,False,False,False,,,,False,False,0,Rule-Based,142.63020785251533,241.01725437700256,108.62119878635524
1115.0,144.7475774199261,240.89342917421757,2,0.0,0.0,0.0,729.3589934058564,0.0,0.15,0.0,0.0,False,2.042699998128228e-05,0,0,251,3,150.0,0.0,1,,,0,False,False,False,,,,False,False,0,Rule-Based,144.7475774199261,240.89342917421757,111.05617448224568
1152.0,147.51791733951663,237.2766748306249,1,0.0,0.0,0.0,767.2054078298585,0.0,0.15,0.0,0.0,False,2.4166999992303317e-05,0,0,252,3,150.0,0.0,1,,,0,False,False,False,,,,False,False,0,Rule-Based,147.51791733951663,237.2766748306249,118.19092500136786
1238.5,149.44815743136,236.01955919669388,1,0.0,0.0,0.0,853.0322833719462,0.0,0.15,0.0,0.0,False,2.3257000066223554e-05,0,0,253,3,150.0,0.0,1,,,0,False,False,False,,,,False,False,0,Rule-Based,149.44815743136,236.01955919669388,114.56673538724266
1257.5,147.19871657829475,237.41961166142,1,0.0,0.0,0.0,872.8816717602853,0.0,0.15,0.0,0.0,False,2.335599992875359e-05,0,0,254,3,150.0,0.0,1,,,0,False,False,False,,,,False,False,0,Rule-Based,147.19871657829475,237.41961166142,118.9876669846759
1254.0,148.51751901985844,235.91801876063155,1,0.0,0.0,0.0,869.56446221951,0.0,0.15,0.0,0.0,False,2.2846999854664318e-05,0,0,255,3,150.0,0.0,1,,,0,False,False,False,,,,False,False,0,Rule-Based,148.51751901985844,235.91801876063155,121.263856708109
1210.0,154.78742827339806,234.52512720450557,1,0.0,0.0,0.0,820.6874445220964,0.0,0.15,0.0,0.0,False,2.1532000118895667e-05,0,0,256,3,150.0,0.0,1,,,0,False,False,False,,,,False,False,0,Rule-Based,154.78742827339806,234.52512720450557,122.57683312367064
1158.5,155.1693353973218,234.2770473784962,1,0.0,0.0,0.0,769.0536172241821,0.0,0.15,0.0,0.0,False,2.1891999949730234e-05,0,0,257,3,150.0,0.0,1,,,0,False,False,False,,,,False,False,0,Rule-Based,155.1693353973218,234.2770473784962,122.9742575350076
1117.0,154.37771859992543,234.4840954222149,1,0.0,0.0,0.0,728.1381859778596,0.0,0.15,0.0,0.0,False,2.110800005539204e-05,0,0,258,3,150.0,0.0,1,,,0,False,False,False,,,,False,False,0,Rule-Based,154.37771859992543,234.4840954222149,127.04321126600368
1037.0,155.29953312427807,233.0009229406965,1,0.0,0.0,0.0,648.6995439350254,0.0,0.15,0.0,0.0,False,2.1780999759357655e-05,0,0,259,3,150.0,0.0,1,,,0,False,False,False,,,,False,False,0,Rule-Based,155.29953312427807,233.0009229406965,129.80040446300757
997.5,154.6074754639142,232.6738304352805,1,0.0,0.0,0.0,610.2186941008054,0.0,0.15,0.0,0.0,False,2.0896000023640227e-05,0,0,260,3,150.0,0.0,1,,,0,False,False,False,,,,False,False,0,Rule-Based,154.6074754639142,232.6738304352805,132.4082040320011
979.5,155.221824871155,232.0905646149501,1,0.0,0.0,0.0,592.1876105138949,0.0,0.15,0.0,0.0,False,2.4265000320156105e-05,0,0,261,3,150.0,0.0,1,,,0,False,False,False,,,,False,False,0,Rule-Based,155.221824871155,232.0905646149501,131.7800660519914
950.0,151.46777605661532,231.62630179934595,1,0.0,0.0,0.0,566.9059221440388,0.0,0.15,0.0,0.0,False,2.137100000254577e-05,0,0,262,3,150.0,0.0,1,,,0,False,False,False,,,,False,False,0,Rule-Based,151.46777605661532,231.62630179934595,123.64464300157792
849.0,148.99902487438237,231.80050186252325,1,0.0,0.0,0.0,468.2004732630944,0.0,0.15,0.0,0.0,False,2.1549999928538455e-05,0,0,263,3,150.0,0.0,1,,,0,False,False,False,,,,False,False,0,Rule-Based,148.99902487438237,231.80050186252325,127.66297686653432
861.0,150.22259031097073,230.77601236343327,1,0.0,0.0,0.0,480.00139732559603,0.0,0.15,0.0,0.0,False,2.1473999822774203e-05,0,0,264,3,150.0,0.0,1,,,0,False,False,False,,,,False,False,0,Rule-Based,150.22259031097073,230.77601236343327,132.0628519654245
854.5,152.11422790931022,229.79473661843824,1,0.0,0.0,0.0,472.5910354722515,0.0,0.15,0.0,0.0,False,2.144699965356267e-05,0,0,265,3,150.0,0.0,1,,,0,False,False,False,,,,False,False,0,Rule-Based,152.11422790931022,229.79473661843824,128.0053858501554
768.5,151.4591049301756,232.92009369501,1,0.0,0.0,0.0,384.1208013748144,0.0,0.15,0.0,0.0,False,2.0946999939042144e-05,0,0,266,3,150.0,0.0,1,,,0,False,False,False,,,,False,False,0,Rule-Based,151.4591049301756,232.92009369501,121.9016983100234
776.5,147.12023814186333,232.9669852697097,1,0.0,0.0,0.0,396.41277658842694,0.0,0.15,0.0,0.0,False,2.0708000192826148e-05,0,0,267,3,150.0,0.0,1,,,0,False,False,False,,,,False,False,0,Rule-Based,147.12023814186333,232.9669852697097,122.30056171820232
744.5,150.27679066435033,235.9393137543284,1,0.0,0.0,0.0,358.2838955813213,0.0,0.15,0.0,0.0,False,2.0955999843863538e-05,0,0,268,3,150.0,0.0,1,,,0,False,False,False,,,,False,False,0,Rule-Based,150.27679066435033,235.9393137543284,119.4297618304093
726.5,147.94089008044415,236.70534267159115,1,0.0,0.0,0.0,341.8537672479647,0.0,0.15,0.0,0.0,False,2.1683999875676818e-05,0,0,269,3,150.0,0.0,1,,,0,False,False,False,,,,False,False,0,Rule-Based,147.94089008044415,236.70534267159115,119.24799461917976
672.5,145.646632124504,239.2135105407676,1,0.0,0.0,0.0,287.6398573347284,0.0,0.15,0.0,0.0,False,2.5640999865572667e-05,0,0,270,3,150.0,0.0,1,,,0,False,False,False,,,,False,False,0,Rule-Based,145.646632124504,239.2135105407676,123.60221888650784
642.5,148.71408699642467,239.6839972268321,1,0.0,0.0,0.0,254.10191577674323,0.0,0.15,0.0,0.0,False,2.0990000393794617e-05,0,0,271,3,150.0,0.0,1,,,0,False,False,False,,,,False,False,0,Rule-Based,148.71408699642467,239.6839972268321,121.4053953032852
659.0,153.28117150320833,240.0366351366609,2,0.0,0.0,0.0,265.6821933601308,0.0,0.15,0.0,0.0,False,2.0712000150524545e-05,1,0,272,3,150.0,0.0,1,,,0,False,False,False,,,,False,False,0,Rule-Based,153.28117150320833,240.0366351366609,126.25443685628753
587.0,153.25941068457385,238.28196507484387,1,0.0,0.0,0.0,195.45862424058225,0.0,0.15,0.0,0.0,False,2.2807000277680345e-05,0,0,273,3,150.0,0.0,1,,,0,False,False,False,,,,False,False,0,Rule-Based,153.25941068457385,238.28196507484387,121.14090112743214
567.0,153.58705386219643,239.239123853417,1,0.0,0.0,0.0,174.17382228438657,0.0,0.15,0.0,0.0,False,2.2978000288276235e-05,0,0,274,3,150.0,0.0,1,,,0,False,False,False,,,,False,False,0,Rule-Based,153.58705386219643,239.239123853417,120.43346913482384
562.5,152.7397729459489,238.73530633181267,1,0.0,0.0,0.0,171.02492072223845,0.0,0.15,0.0,0.0,False,2.2694000108458567e-05,0,0,275,3,150.0,0.0,1,,,0,False,False,False,,,,False,False,0,Rule-Based,152.7397729459489,238.73530633181267,116.19166481206206
535.5,151.71300179899907,238.09189238423969,1,0.0,0.0,0.0,145.69510581676127,0.0,0.15,0.0,0.0,False,2.1998000192979816e-05,0,0,276,3,150.0,0.0,1,,,0,False,False,False,,,,False,False,0,Rule-Based,151.71300179899907,238.09189238423969,123.61278129164938
530.0,154.1161736157352,238.129976020678,1,0.0,0.0,0.0,137.75385036358682,0.0,0.15,0.0,0.0,False,2.292099998157937e-05,0,0,277,3,150.0,0.0,1,,,0,False,False,False,,,,False,False,0,Rule-Based,154.1161736157352,238.129976020678,115.1583676970402
481.0,154.90512211255535,236.6137047548736,1,0.0,0.0,0.0,89.48117313257103,0.0,0.15,0.0,0.0,False,2.1969000044919085e-05,0,0,278,3,150.0,0.0,1,,,0,False,False,False,,,,False,False,0,Rule-Based,154.90512211255535,236.6137047548736,122.15394379671424
450.5,156.69624738865383,235.0798456218304,1,0.0,0.0,0.0,58.72390698951574,0.0,0.15,0.0,0.0,False,2.41150000874768e-05,0,0,279,3,150.0,0.0,1,,,0,False,False,False,,,,False,False,0,Rule-Based,156.69624738865383,235.0798456218304,122.08070303773071
478.0,158.20265272605147,235.2750552529781,1,0.0,0.0,0.0,84.52229202097044,0.0,0.15,0.0,0.0,False,2.0960999790986534e-05,0,0,280,3,150.0,0.0,1,,,0,False,False,False,,,,False,False,0,Rule-Based,158.20265272605147,235.2750552529781,126.25689305618472
446.5,158.2234380014026,234.1459938415256,1,0.0,0.0,0.0,54.13056815707182,0.0,0.15,0.0,0.0,False,2.121599982274347e-05,0,0,281,3,150.0,0.0,1,,,0,False,False,False,,,,False,False,0,Rule-Based,158.2234380014026,234.1459938415256,130.94198774584655
451.5,158.92522727730474,236.08621135993013,1,0.0,0.0,0.0,56.488561362765154,0.0,0.15,0.0,0.0,False,2.1242000002530403e-05,0,0,282,2,80.0,0.0,1,,,0,False,False,False,,,,False,False,0,Rule-Based,158.92522727730474,236.08621135993013,139.89983646613746
435.0,157.38476936926253,235.68707992783516,1,0.0,0.0,0.0,41.928150702902315,0.0,0.15,0.0,0.0,False,2.1034999917901587e-05,0,0,283,2,80.0,0.0,1,,,0,False,False,False,,,,False,False,0,Rule-Based,157.38476936926253,235.68707992783516,139.47210334409252
424.5,156.982137296218,232.8798332403729,1,0.0,0.0,0.0,34.63802946340911,0.0,0.15,0.0,0.0,False,2.1052000192867126e-05,0,0,284,1,30.0,0.0,1,,,0,False,False,False,,,,False,False,0,Rule-Based,156.982137296218,232.8798332403729,138.9563451447598
400.0,156.96584757345232,235.5297920921007,1,0.0,0.0,0.0,7.504360334446972,0.0,0.15,0.0,0.0,False,2.1021000065957196e-05,0,0,285,2,80.0,0.0,1,,,0,False,False,False,,,,False,False,0,Rule-Based,156.96584757345232,235.5297920921007,128.37876853903416
426.5,155.43696118873396,233.82599857988745,1,0.0,0.0,0.0,37.237040231378614,0.0,0.15,0.0,0.0,False,2.126300023519434e-05,0,0,286,1,30.0,0.0,1,,,0,False,False,False,,,,False,False,0,Rule-Based,155.43696118873396,233.82599857988745,134.34089538524665
415.5,158.0253853162856,233.3571944279155,1,0.0,0.0,0.0,24.117420255798947,0.0,0.15,0.0,0.0,False,2.129399990735692e-05,0,0,287,1,30.0,0.0,1,,,0,False,False,False,,,,False,False,0,Rule-Based,158.0253853162856,233.3571944279155,136.16852705404898
396.0,158.75735783824587,233.00481958168217,1,0.0,0.0,0.0,4.237822580071963,0.0,0.15,0.0,0.0,False,2.126600020346814e-05,0,0,288,1,30.0,0.0,1,,,0,False,False,False,,,,False,False,0,Rule-Based,158.75735783824587,233.00481958168217,135.63384354517376
422.5,159.31339839444826,233.9876638502639,1,0.0,0.0,0.0,29.19893775528783,0.0,0.15,0.0,0.0,False,2.4127999949996592e-05,0,0,289,1,30.0,0.0,1,,,0,False,False,False,,,,False,False,0,Rule-Based,159.31339839444826,233.9876638502639,137.49906089057473
371.5,161.75330481605542,209.74669518394458,1,0.0,0.0,0.0,0.0,0.0,0.15,0.0,0.0,False,2.1907999780523824e-05,0,0,290,1,30.0,0.0,1,,,0,False,False,False,,,,False,False,0,Rule-Based,161.75330481605542,236.2933018610329,142.76115699732352
397.5,162.46442606312672,235.03557393687328,1,0.0,0.0,0.0,0.0,0.0,0.15,0.0,0.0,False,2.1888999981456436e-05,0,0,291,1,30.0,0.0,1,,,0,False,False,False,,,,False,False,0,Rule-Based,162.46442606312672,237.89975431650845,143.1923906724266
377.5,163.96794942430748,213.53205057569252,1,0.0,0.0,0.0,0.0,0.0,0.15,0.0,0.0,False,2.137299998139497e-05,0,0,292,1,30.0,0.0,1,,,0,False,False,False,,,,False,False,0,Rule-Based,163.96794942430748,237.6235421304803,133.34792062368868
368.5,167.19844689867082,201.30155310132918,1,0.0,0.0,0.0,0.0,0.0,0.15,0.0,0.0,False,2.116799987561535e-05,0,0,293,1,30.0,0.0,1,,,0,False,False,False,,,,False,False,0,Rule-Based,167.19844689867082,237.3687023083088,140.07844223806336
398.0,168.0213254936269,229.9786745063731,1,0.0,0.0,0.0,0.0,0.0,0.15,0.0,0.0,False,2.14799997593218e-05,0,0,294,1,30.0,0.0,1,,,0,False,False,False,,,,False,False,0,Rule-Based,168.0213254936269,238.83555769657136,136.70450152366348
406.5,165.48933312049488,241.01066687950512,2,0.0,0.0,0.0,0.0,0.0,0.15,0.0,0.0,False,2.1236000065982807e-05,1,0,295,1,30.0,0.0,1,,,0,False,False,False,,,,False,False,0,Rule-Based,165.48933312049488,242.0300258462515,138.93919542039308
402.5,161.9756069781971,240.4331844504099,2,0.0,0.0,0.0,0.09120857139299687,0.0,0.15,0.0,0.0,False,2.4297999971167883e-05,0,0,296,2,80.0,0.0,1,,,0,False,False,False,,,,False,False,0,Rule-Based,161.9756069781971,240.4331844504099,134.93915965518357
420.5,161.28001205811157,238.91230265972064,1,0.0,0.0,0.0,20.307685282167768,0.0,0.15,0.0,0.0,False,2.2500000341096893e-05,0,0,297,3,150.0,0.0,1,,,0,False,False,False,,,,False,False,0,Rule-Based,161.28001205811157,238.91230265972064,137.2898999941467
384.0,160.1860803942945,223.8139196057055,1,0.0,0.0,0.0,0.0,0.0,0.15,0.0,0.0,False,2.4578000193287153e-05,0,0,298,3,150.0,0.0,1,,,0,False,False,False,,,,False,False,0,Rule-Based,160.1860803942945,239.22220619150195,135.97110270542407
411.5,162.41794336729987,239.10042577675512,1,0.0,0.0,0.0,9.981630855945014,0.0,0.15,0.0,0.0,False,2.2278999949776335e-05,0,0,299,3,150.0,0.0,1,,,0,False,False,False,,,,False,False,0,Rule-Based,162.41794336729987,239.10042577675512,142.08895000157216
419.5,164.1327602884484,240.1332002502356,2,0.0,0.0,0.0,15.234039461316002,0.0,0.15,0.0,0.0,False,2.219199996034149e-05,1,0,300,3,150.0,0.0,1,,,0,False,False,False,,,,False,False,0,Rule-Based,164.1327602884484,240.1332002502356,140.71881697009698
432.0,159.66085912666856,238.22426970110303,1,0.0,0.0,0.0,34.11487117222839,0.0,0.15,0.0,0.0,False,2.219200041508884e-05,0,0,301,3,150.0,0.0,1,,,0,False,False,False,,,,False,False,0,Rule-Based,159.66085912666856,238.22426970110303,139.74473090360945
422.0,157.76728830351695,234.19006365626743,1,0.0,0.0,0.0,30.042648040215624,0.0,0.15,0.0,0.0,False,2.0836000203416916e-05,0,0,302,3,150.0,0.0,1,,,0,False,False,False,,,,False,False,0,Rule-Based,157.76728830351695,234.19006365626743,133.31311469994228
400.5,156.17757902011732,233.05772963029915,1,0.0,0.0,0.0,11.26469134958353,0.0,0.15,0.0,0.0,False,2.0671000129368622e-05,0,0,303,3,150.0,0.0,1,,,0,False,False,False,,,,False,False,0,Rule-Based,156.17757902011732,233.05772963029915,140.29836191380198
451.0,155.58681778921854,233.8108344511533,1,0.0,0.0,0.0,61.602347759628174,0.0,0.15,0.0,0.0,False,2.0695999864983605e-05,0,0,304,3,150.0,0.0,1,,,0,False,False,False,,,,False,False,0,Rule-Based,155.58681778921854,233.8108344511533,136.43371975104037
413.0,154.99979361951102,235.10495766671488,1,0.0,0.0,0.0,22.895248713774095,0.0,0.15,0.0,0.0,False,2.1442000161187025e-05,0,0,305,3,150.0,0.0,1,,,0,False,False,False,,,,False,False,0,Rule-Based,154.99979361951102,235.10495766671488,140.35633706527162
463.5,154.87930297973517,234.97553962815437,1,0.0,0.0,0.0,73.64515739211049,0.0,0.15,0.0,0.0,False,2.0745999790960923e-05,0,0,306,3,150.0,0.0,1,,,0,False,False,False,,,,False,False,0,Rule-Based,154.87930297973517,234.97553962815437,144.73738657342884
437.5,537.5,0.0,0,-100.0,100.0,0.0,0.0,0.0,0.15099206349206348,0.0,0.0,False,2.4499000119249104e-05,0,1,307,0,0.0,0.0,1,,,0,False,False,False,,,,False,False,0,Rule-Based,1201.605337729934,796.4057933849198,500.0
431.0,531.0,0.0,0,-100.0,100.0,0.0,0.0,0.0,0.15198412698412697,0.0,0.0,False,2.181999980166438e-05,0,0,308,0,0.0,0.0,1,,,0,False,False,False,,,,False,False,0,Rule-Based,1198.1418459620395,794.3543008149566,500.0
469.0,569.0,0.0,0,-100.0,100.0,0.0,0.0,0.0,0.15297619047619046,0.0,0.0,False,2.1706000097765354e-05,0,0,309,0,0.0,0.0,1,,,0,False,False,False,,,,False,False,0,Rule-Based,1199.8176934056278,794.5126866175806,499.46379717087433
468.0,568.0,0.0,0,-100.0,100.0,0.0,0.0,0.0,0.15396825396825395,0.0,0.0,False,2.397599973846809e-05,0,0,310,0,0.0,0.0,1,,,0,False,False,False,,,,False,False,0,Rule-Based,1202.420435272079,793.9280888890545,500.0
499.0,599.0,0.0,0,-100.0,100.0,0.0,0.0,0.0,0.15496031746031744,0.0,0.0,False,2.0636000044760294e-05,0,0,311,0,0.0,0.0,1,,,0,False,False,False,,,,False,False,0,Rule-Based,1200.349909058535,793.9210130852993,499.9406651775469
470.5,570.5,0.0,0,-100.0,100.0,0.0,0.0,0.0,0.15595238095238093,0.0,0.0,False,2.0296999991842313e-05,0,0,312,0,0.0,0.0,1,,,0,False,False,False,,,,False,False,0,Rule-Based,1200.1469238901252,795.8965354011214,500.0
498.5,598.5,0.0,0,-100.0,100.0,0.0,0.0,0.0,0.15694444444444441,0.0,0.0,False,2.1178000224608695e-05,0,0,313,0,0.0,0.0,1,,,0,False,False,False,,,,False,False,0,Rule-Based,1200.6545616987623,795.7403896257891,497.7490564326026
489.5,589.5,0.0,0,-100.0,100.0,0.0,0.0,0.0,0.1579365079365079,0.0,0.0,False,2.1083999854454305e-05,0,0,314,0,0.0,0.0,1,,,0,False,False,False,,,,False,False,0,Rule-Based,1203.9738579837233,794.7991782722677,496.1170266310676
501.0,601.0,0.0,0,-100.0,100.0,0.0,0.0,0.0,0.1589285714285714,0.0,0.0,False,2.0839999706367962e-05,0,0,315,0,0.0,0.0,1,,,0,False,False,False,,,,False,False,0,Rule-Based,1201.9581596936514,794.084359238155,495.5083814656524
540.5,640.5,0.0,0,-100.0,100.0,0.0,0.0,0.0,0.15992063492063488,0.0,0.0,False,2.1007000214012805e-05,0,0,316,0,0.0,0.0,1,,,0,False,False,False,,,,False,False,0,Rule-Based,1202.3391186872482,792.500066539212,495.4617953789143
541.0,641.0,0.0,0,-100.0,100.0,0.0,0.0,0.0,0.16091269841269837,0.0,0.0,False,2.4276999738503946e-05,0,0,317,0,0.0,0.0,1,,,0,False,False,False,,,,False,False,0,Rule-Based,1205.2729026203651,792.792346187473,496.1663661094863
577.5,677.5,0.0,0,-100.0,100.0,0.0,0.0,0.0,0.16190476190476186,0.0,0.0,False,2.1132000256329775e-05,0,0,318,0,0.0,0.0,1,,,0,False,False,False,,,,False,False,0,Rule-Based,1202.927444440402,791.7415745423376,496.386922262082
586.5,686.5,0.0,0,-100.0,100.0,0.0,0.0,0.0,0.16289682539682535,0.0,0.0,False,2.0483999833231792e-05,0,0,319,0,0.0,0.0,1,,,0,False,False,False,,,,False,False,0,Rule-Based,1204.937624900592,792.8746312238,494.9201740409695
594.5,694.5,0.0,0,-100.0,100.0,0.0,0.0,0.0,0.16388888888888883,0.0,0.0,False,2.0419000065885484e-05,0,0,320,0,0.0,0.0,1,,,0,False,False,False,,,,False,False,0,Rule-Based,1202.2847802531874,788.7546310282705,494.8677892570599
627.0,727.0,0.0,0,-100.0,100.0,0.0,0.0,0.0,0.16488095238095232,0.0,0.0,False,2.2198999886313686e-05,0,0,321,0,0.0,0.0,1,,,0,False,False,False,,,,False,False,0,Rule-Based,1201.6297858132773,791.5260669914676,495.17718953940863
636.5,736.5,0.0,0,-100.0,100.0,0.0,0.0,0.0,0.1658730158730158,0.0,0.0,False,2.255200024592341e-05,0,0,322,0,0.0,0.0,1,,,0,False,False,False,,,,False,False,0,Rule-Based,1202.780938124935,790.9305835450249,496.5254019848129
664.0,764.0,0.0,0,-100.0,100.0,0.0,0.0,0.0,0.1668650793650793,0.0,0.0,False,2.1258000288071344e-05,0,0,323,0,0.0,0.0,1,,,0,False,False,False,,,,False,False,0,Rule-Based,1198.1958576048862,791.0794715755487,496.8332707733536
698.5,798.5,0.0,0,-100.0,100.0,0.0,0.0,0.0,0.1678571428571428,0.0,0.0,False,2.067399964289507e-05,0,0,324,0,0.0,0.0,1,,,0,False,False,False,,,,False,False,0,Rule-Based,1200.8887202511955,791.0054154088126,497.4205612957369
768.0,868.0,0.0,0,-100.0,100.0,0.0,0.0,0.0,0.16884920634920628,0.0,0.0,False,2.1063999611214967e-05,0,0,325,0,0.0,0.0,1,,,0,False,False,False,,,,False,False,0,Rule-Based,1203.6945203507337,790.5204558251853,496.25140863932415
717.5,817.5,0.0,0,-100.0,100.0,0.0,0.0,0.0,0.16984126984126977,0.0,0.0,False,2.1144000129424967e-05,0,0,326,0,0.0,0.0,1,,,0,False,False,False,,,,False,False,0,Rule-Based,1205.3443589337546,792.1597717887611,498.4463573184362
795.5,895.5,0.0,0,-100.0,100.0,0.0,0.0,0.0,0.17083333333333325,0.0,0.0,False,2.2962999992159894e-05,0,0,327,0,0.0,0.0,1,,,0,False,False,False,,,,False,False,0,Rule-Based,1205.236391574826,791.2891033258636,497.9959159768002
816.0,916.0,0.0,0,-100.0,100.0,0.0,0.0,0.0,0.17182539682539674,0.0,0.0,False,2.264200020363205e-05,0,0,328,0,0.0,0.0,1,,,0,False,False,False,,,,False,False,0,Rule-Based,1204.3848255245357,791.6346145437958,499.39183265475305
849.0,949.0,0.0,0,-100.0,100.0,0.0,0.0,0.0,0.17281746031746023,0.0,0.0,False,2.1422999907372287e-05,0,0,329,0,0.0,0.0,1,,,0,False,False,False,,,,False,False,0,Rule-Based,1200.6765384913583,790.9118268809176,498.19358436920857
873.0,973.0,0.0,0,-100.0,100.0,0.0,0.0,0.0,0.17380952380952372,0.0,0.0,False,2.1427000319818035e-05,0,0,330,0,0.0,0.0,1,,,0,False,False,False,,,,False,False,0,Rule-Based,1200.1779786709017,789.7639424012167,495.8709658145396
944.0,1044.0,0.0,0,-100.0,100.0,0.0,0.0,0.0,0.1748015873015872,0.0,0.0,False,2.115400002367096e-05,0,0,331,0,0.0,0.0,1,,,0,False,False,False,,,,False,False,0,Rule-Based,1200.8479877568163,790.1207159182673,495.6220806093109
927.0,1027.0,0.0,0,-100.0,100.0,0.0,0.0,0.0,0.1757936507936507,0.0,0.0,False,2.0948000383214094e-05,0,0,332,0,0.0,0.0,1,,,0,False,False,False,,,,False,False,0,Rule-Based,1203.377551442635,789.9726550209284,496.0543352493965
1008.5,1108.5,0.0,0,-100.0,100.0,0.0,0.0,0.0,0.17678571428571419,0.0,0.0,False,2.0821999896725174e-05,0,0,333,0,0.0,0.0,1,,,0,False,False,False,,,,False,False,0,Rule-Based,1202.798481624983,791.0515121254227,495.3280377062749
1080.5,1180.5,0.0,0,-100.0,100.0,0.0,0.0,0.0,0.17777777777777767,0.0,0.0,False,2.1026000013080193e-05,0,0,334,0,0.0,0.0,1,,,0,False,False,False,,,,False,False,0,Rule-Based,1202.4750585594345,790.350850869697,493.2020328117711
1100.5,1200.5,0.0,0,-100.0,100.0,0.0,0.0,0.0,0.17876984126984116,0.0,0.0,False,2.0633000076486496e-05,0,0,335,0,0.0,0.0,1,,,0,False,False,False,,,,False,False,0,Rule-Based,1203.3792411041272,792.060220994981,493.791648773254
1168.0,1199.8592363136345,0.0,0,-31.859236313634483,31.859236313634483,0.0,0.0,0.0,0.17908590512215897,0.0,0.0,False,2.080000012938399e-05,0,0,336,0,0.0,0.0,1,,,0,False,False,False,,,,False,False,0,Rule-Based,1199.8592363136345,792.6897508241888,495.6344308988242
1263.5,1143.5,120.0,1,0.0,0.0,0.0,0.0,0.0,0.17908590512215897,0.0,0.0,False,2.3670999780733837e-05,1,0,337,0,0.0,0.0,1,,,0,False,False,False,,,,False,False,0,Rule-Based,1198.483043250748,791.803034826783,496.243627449796
1249.0,1129.0,120.0,1,0.0,0.0,0.0,0.0,0.0,0.17908590512215897,0.0,0.0,False,2.4652999854879454e-05,0,0,338,0,0.0,0.0,1,,,0,False,False,False,,,,False,False,0,Rule-Based,1199.5254195988962,792.5502963180026,495.73007675527504
1237.0,1117.0,120.0,1,0.0,0.0,0.0,0.0,0.0,0.17908590512215897,0.0,0.0,False,2.171200003431295e-05,0,0,339,0,0.0,0.0,1,,,0,False,False,False,,,,False,False,0,Rule-Based,1198.49289004463,791.3581825089223,496.8146686290836
1187.0,1076.2763246323796,120.0,1,-9.276324632379556,9.276324632379556,0.0,0.0,0.0,0.1791779321522421,0.0,0.0,False,2.216099983343156e-05,0,0,340,0,0.0,0.0,1,,,0,False,False,False,,,,False,False,0,Rule-Based,1196.2763246323796,791.7561848257034,496.89936548107977
1133.5,1073.985629678721,120.0,1,-60.4856296787209,60.4856296787209,0.0,0.0,0.0,0.1797779880022294,0.0,0.0,False,2.180799992856919e-05,0,0,341,0,0.0,0.0,1,,,0,False,False,False,,,,False,False,0,Rule-Based,1193.985629678721,792.4268847327447,497.44188470161566
1066.0,1046.0,120.0,1,-100.0,100.0,0.0,0.0,0.0,0.1807700514942929,0.0,0.0,False,2.1584000023722183e-05,0,0,342,0,0.0,0.0,1,,,0,False,False,False,,,,False,False,0,Rule-Based,1193.5481140477657,794.1422151803339,496.53423809856673
1048.0,1028.0,120.0,1,-100.0,100.0,0.0,0.0,0.0,0.1817621149863564,0.0,0.0,False,2.1489000118890544e-05,0,0,343,0,0.0,0.0,1,,,0,False,False,False,,,,False,False,0,Rule-Based,1191.479419852917,793.9646959735212,496.90629094010086
1006.0,986.0,120.0,1,-100.0,100.0,0.0,0.0,0.0,0.18275417847841988,0.0,0.0,False,2.1164999907341553e-05,0,0,344,0,0.0,0.0,1,,,0,False,False,False,,,,False,False,0,Rule-Based,1191.670213649051,794.8840625880366,496.4301350633675
957.0,937.0,120.0,1,-100.0,100.0,0.0,0.0,0.0,0.18374624197048336,0.0,0.0,False,2.076700002362486e-05,0,0,345,0,0.0,0.0,1,,,0,False,False,False,,,,False,False,0,Rule-Based,1188.6423450769232,792.8440809271224,496.8931067720077
897.5,877.5,120.0,1,-100.0,100.0,0.0,0.0,0.0,0.18473830546254685,0.0,0.0,False,2.277000021422282e-05,0,0,346,0,0.0,0.0,1,,,0,False,False,False,,,,False,False,0,Rule-Based,1188.0922067705085,791.2175206903792,497.2997656800552
870.0,850.0,120.0,1,-100.0,100.0,0.0,0.0,0.0,0.18573036895461034,0.0,0.0,False,2.104600025631953e-05,0,0,347,0,0.0,0.0,1,,,0,False,False,False,,,,False,False,0,Rule-Based,1190.2366619858426,790.6359576521527,497.5273616497056
868.0,848.0,120.0,1,-100.0,100.0,0.0,0.0,0.0,0.18672243244667383,0.0,0.0,False,2.162200007660431e-05,0,0,348,0,0.0,0.0,1,,,0,False,False,False,,,,False,False,0,Rule-Based,1190.8897286352783,790.3587986031374,497.0492776489074
809.5,909.5,0.0,0,-100.0,100.0,0.0,0.0,0.0,0.18771449593873732,0.0,0.0,False,2.1083999854454305e-05,0,1,349,0,0.0,0.0,1,,,0,False,False,False,,,,False,False,0,Rule-Based,1188.5888448546918,790.8261164625148,496.4178119464432
775.5,875.5,0.0,0,-100.0,100.0,0.0,0.0,0.0,0.1887065594308008,0.0,0.0,False,2.1335000383260194e-05,0,0,350,0,0.0,0.0,1,,,0,False,False,False,,,,False,False,0,Rule-Based,1190.5380950579436,790.9694943029723,495.0899437832027
751.0,851.0,0.0,0,-100.0,100.0,0.0,0.0,0.0,0.1896986229228643,0.0,0.0,False,2.1847999960300513e-05,0,0,351,0,0.0,0.0,1,,,0,False,False,False,,,,False,False,0,Rule-Based,1188.227745718282,791.211393836233,495.4113229655063
733.5,833.5,0.0,0,-100.0,100.0,0.0,0.0,0.0,0.19069068641492778,0.0,0.0,False,2.101499967466225e-05,0,0,352,0,0.0,0.0,1,,,0,False,False,False,,,,False,False,0,Rule-Based,1186.1532156556716,791.3782493375124,496.1971510150087
674.5,774.5,0.0,0,-100.0,100.0,0.0,0.0,0.0,0.19168274990699127,0.0,0.0,False,2.1038999875599984e-05,0,0,353,0,0.0,0.0,1,,,0,False,False,False,,,,False,False,0,Rule-Based,1187.351223608672,790.5643240235985,497.267185142822
672.5,772.5,0.0,0,-100.0,100.0,0.0,0.0,0.0,0.19267481339905476,0.0,0.0,False,2.1637999907397898e-05,0,0,354,0,0.0,0.0,1,,,0,False,False,False,,,,False,False,0,Rule-Based,1188.6807629527832,789.9612607879486,496.4870698882828
616.0,716.0,0.0,0,-100.0,100.0,0.0,0.0,0.0,0.19366687689111825,0.0,0.0,False,2.1070999991934514e-05,0,0,355,0,0.0,0.0,1,,,0,False,False,False,,,,False,False,0,Rule-Based,1189.2012244214422,790.0767011163911,497.1342076223403
605.5,705.5,0.0,0,-100.0,100.0,0.0,0.0,0.0,0.19465894038318174,0.0,0.0,False,2.1801000002596993e-05,0,0,356,0,0.0,0.0,1,,,0,False,False,False,,,,False,False,0,Rule-Based,1192.7944074517543,789.9426455881066,496.8919688916431
412.0,512.0,0.0,0,-100.0,100.0,0.0,0.0,0.0,0.19565100387524523,0.0,0.0,False,2.017499991779914e-05,0,0,357,0,0.0,0.0,1,,,0,False,False,False,,,,False,False,0,Rule-Based,1195.8444878644425,788.1873050188861,496.16087674367145
423.0,523.0,0.0,0,-100.0,100.0,0.0,0.0,0.0,0.19664306736730872,0.0,0.0,False,2.0000999938929453e-05,0,0,358,0,0.0,0.0,1,,,0,False,False,False,,,,False,False,0,Rule-Based,1196.1872320773796,789.1449085894877,495.7501986569519
429.0,529.0,0.0,0,-100.0,100.0,0.0,0.0,0.0,0.1976351308593722,0.0,0.0,False,2.0376000065880362e-05,0,0,359,0,0.0,0.0,1,,,0,False,False,False,,,,False,False,0,Rule-Based,1193.8610625618576,791.520251926041,496.1571619190187
