scenario,contrast,seed_count,mean_difference,sample_sd,median_difference,q25,q75,bootstrap_95_low,bootstrap_95_high,exact_sign_flip_pvalue,improve_count,tie_count,worsen_count,leave_one_seed_out_mean_min,leave_one_seed_out_mean_max,mean_operating_cost_difference_yuan,claim_status
A_stable_drilling,Full-Risk-SOC-Supervisory-MILP_minus_Rule-Based,12,0.13196205172704692,0.457129956524555,0.0,0.0,0.0,0.0,0.39588615518114073,1.0,0,11,1,0.0,0.14395860188405118,165.06811682766963,descriptive_scenario_breakdown
A_stable_drilling,Full-Risk-SOC-Supervisory-MILP_minus_Point-Forecast-MILP,12,-1.8306010554952126,1.180343432232608,-2.009327682460243,-2.558222544011813,-1.181137929021286,-2.4506972898981867,-1.1828710499247135,0.0009765625,11,1,0,-1.9970193332675046,-1.6622109404408945,178.24167680783353,descriptive_scenario_breakdown
A_stable_drilling,Full-Risk-SOC-Supervisory-MILP_minus_Risk-Adaptive-Residual-CVaR-MILP,12,-0.5940496691517714,1.1941576767994977,0.0,-0.6004051777835367,0.0,-1.2753164392818412,-0.0026489123746328163,0.1875,4,7,1,-0.6985168712896946,-0.4005333754114023,140.2358075466169,descriptive_scenario_breakdown
B_connection_transition,Full-Risk-SOC-Supervisory-MILP_minus_Rule-Based,12,-3.900445067829074,6.307372577389127,0.0,-7.4124632924324345,0.046814206950494014,-7.560370935309995,-0.7977235633039799,0.09375,5,3,4,-4.395648779350113,-2.7815247196174187,2.375876757365608,descriptive_scenario_breakdown
B_connection_transition,Full-Risk-SOC-Supervisory-MILP_minus_Point-Forecast-MILP,12,-5.9767104616743625,7.04596171362543,-2.966136725185181,-12.584584710785602,-0.007162325663373681,-9.944145486584802,-2.3621501296298724,0.001953125,10,2,0,-6.520047776372032,-4.9989532486037,44.54860110345775,descriptive_scenario_breakdown
B_connection_transition,Full-Risk-SOC-Supervisory-MILP_minus_Risk-Adaptive-Residual-CVaR-MILP,12,-3.1249252763411497,4.426107427132484,-1.1102230246251565e-16,-6.570947847871263,0.0,-5.711838136717422,-0.8769288009672563,0.0625,5,6,1,-3.409398054819587,-2.4419615768046317,-1.3783449966862804,descriptive_scenario_breakdown
C_tripping_impact,Full-Risk-SOC-Supervisory-MILP_minus_Rule-Based,12,-1.4707437617132133,4.650766445494167,0.4048252312261331,-1.7969413543726915,0.7365232167099272,-4.198713202267163,0.7895463090775178,0.33837890625,4,0,8,-1.9958043450393292,-0.45855431082717235,28.536386042692627,descriptive_scenario_breakdown
C_tripping_impact,Full-Risk-SOC-Supervisory-MILP_minus_Point-Forecast-MILP,12,-7.780541650421539,7.40352097517102,-5.863355498351354,-13.956045099838096,-0.8170902349567122,-11.869808289715639,-3.8345004432960073,0.0009765625,11,0,1,-8.491896770705837,-6.7586026014694145,57.38340113286778,descriptive_scenario_breakdown
C_tripping_impact,Full-Risk-SOC-Supervisory-MILP_minus_Risk-Adaptive-Residual-CVaR-MILP,12,-1.772933467503999,3.6226328498644698,-0.07443920342707327,-1.6800943514002062,0.20648511129287161,-3.942581817585655,0.01908276590143759,0.17578125,7,0,5,-1.9995270926866124,-0.9868860687898817,14.969660026791553,descriptive_scenario_breakdown
