seed,method,demand_energy_kwh,unserved_energy_kwh,loss_of_load_duration_hours,realized_operating_cost_yuan,terminal_energy_adjustment_yuan,reliability_penalty_yuan,total_social_cost_yuan,diesel_fuel_l,generator_startups,generator_start_commands,minimum_soc_pct,max_decision_seconds,normalized_eens_kwh_per_mwh
20261120,Rule-Based,1381.3659722222221,33.5454529023074,0.24444444444444438,1683.9717323672705,40.53364037944047,3354.54529023074,5079.050662977452,75.12551161398144,25.0,71.0,15.000715683775814,4.933799209538847e-05,24.28426179366673
20261120,Persistence-MILP,1381.3659722222221,44.97116884949091,0.29166666666666663,1566.2185774087473,62.06714691007461,4497.116884949091,6125.402609267913,66.607903674964,26.0,67.0,15.00004466944202,0.0962952469999436,32.55557886455331
20261120,Point-Forecast-MILP,1381.3659722222221,38.01486057804413,0.2541666666666666,1562.1518748037317,58.15792035458254,3801.4860578044127,5421.795852962728,67.13052213256033,22.0,64.0,15.000049247234296,0.1386988760059466,27.519760398389653
20261120,Fixed-Reserve-MILP,1381.3659722222221,38.40669713934675,0.25972222222222213,1569.9311429966488,58.284921222554686,3840.6697139346743,5468.885778153877,67.8572432652299,22.0,65.0,15.000046943285314,0.1109975069994106,27.803419160210943
20261120,Residual-CVaR-MILP,1381.3659722222221,29.101570634472413,0.2402777777777776,1803.5226832686888,45.13363402211915,2910.1570634472414,4758.813380738049,83.97702185687159,36.0,92.0,15.060322718942706,4.008778647010331,21.067241570788315
20261120,Risk-Adaptive-Residual-CVaR-MILP,1381.3659722222221,29.105866308669487,0.2388888888888887,1763.9742821000996,42.4749349591217,2910.5866308669492,4717.03584792617,84.7026787043967,32.0,83.0,15.060322718942706,4.441041338010109,21.0703513000588
20261120,Full-Risk-SOC-Supervisory-MILP,1381.3659722222221,19.743026301296773,0.2194444444444443,1907.9689492044242,29.93450607328344,1974.3026301296775,3912.206085407385,103.52517861909362,45.0,86.0,15.576131339296634,3.014580344010028,14.29239368734116
20261121,Rule-Based,1352.1680555555556,46.57893207313527,0.1861111111111111,1651.7311411095593,42.1642414217123,4657.893207313527,6351.7885898447985,76.3390546813185,25.0,71.0,18.258302449139936,5.964199954178184e-05,34.447590949778586
20261121,Persistence-MILP,1352.1680555555556,64.73450774775176,0.2611111111111109,1611.7839485983427,57.521170873371815,6473.450774775176,8142.75589424689,67.48688626155365,27.0,82.0,15.002873327097364,0.1553382179990876,47.87460218556543
20261121,Point-Forecast-MILP,1352.1680555555556,56.26997396958611,0.2472222222222221,1613.9682713493003,51.243550907613695,5626.997396958611,7292.209219215525,69.91056911757858,24.0,78.0,15.00137260632914,0.1106655600015074,41.61463047318247
20261121,Fixed-Reserve-MILP,1352.1680555555556,55.26246076031804,0.2291666666666665,1610.3808951640485,48.82207242893047,5526.2460760318045,7185.449043624783,71.79307947933293,21.0,75.0,15.003472238919544,0.1324939879996236,40.86952101350505
20261121,Residual-CVaR-MILP,1352.1680555555556,45.61110093849189,0.1791666666666666,1845.8027970512499,38.600004713328964,4561.110093849189,6445.512895613769,85.53554653874984,29.0,105.0,17.09262800996326,3.72925744499662,33.73182848913849
20261121,Risk-Adaptive-Residual-CVaR-MILP,1352.1680555555556,45.88698879358515,0.17916666666666659,1726.9265196001418,35.22937453774351,4588.698879358515,6350.8547734963995,86.39068891577426,22.0,80.0,17.19960655028678,4.38171490500099,33.93586219187221
20261121,Full-Risk-SOC-Supervisory-MILP,1352.1680555555556,46.06150206036871,0.17916666666666659,1846.5666633064698,19.857699176503704,4606.150206036871,6472.574568519844,94.23513188772932,31.0,86.0,18.258302449139936,4.418396715991548,34.06492400934864
20261122,Rule-Based,1330.4923611111112,71.96092308733078,0.2847222222222222,1658.9526500740894,14.8148764328248,7196.092308733078,8869.859835239993,52.694375779927356,21.0,97.0,15.000000001701531,4.456199530977756e-05,54.08593479427066
20261122,Persistence-MILP,1330.4923611111112,84.7360407109914,0.3625,1596.4860113079867,26.31735361577276,8473.60407109914,10096.407436022902,45.67891107518615,18.0,102.0,15.000000000003311,0.0881840200017904,63.68773184103609
20261122,Point-Forecast-MILP,1330.4923611111112,83.93559967855204,0.3652777777777778,1573.784730240216,25.183212227160638,8393.559967855203,9992.52791032258,44.691308234932094,17.0,98.0,15.00000000000191,0.091100642006495,63.08611919309055
20261122,Fixed-Reserve-MILP,1330.4923611111112,81.36129925633222,0.3458333333333333,1576.4017413310926,30.526568051642457,8136.129925633222,9743.058235015957,43.66049167240678,17.0,100.0,15.0000000000046,0.1113970309961587,61.15127123945781
20261122,Residual-CVaR-MILP,1330.4923611111112,73.74670501061894,0.31527777777777766,1803.2747205295545,13.940562235124315,7374.670501061893,9191.885783826572,60.582329079358516,32.0,124.0,15.000000000130855,3.8343387079949034,55.42813109353903
20261122,Risk-Adaptive-Residual-CVaR-MILP,1330.4923611111112,72.25018948421805,0.2902777777777777,1723.3966202616543,13.659743445390353,7225.018948421805,8962.07531212885,61.383108469016776,31.0,107.0,15.000000001722489,3.3720309780037496,54.30334784025441
20261122,Full-Risk-SOC-Supervisory-MILP,1330.4923611111112,64.96360044655833,0.2791666666666667,1841.0830675614814,12.941763434625765,6496.360044655833,8350.38487565194,70.27814526434014,39.0,113.0,15.000000360383206,3.2545121659932192,48.826736887317715
20261123,Rule-Based,1390.4006944444445,115.99168487171836,0.3777777777777778,1914.024201688804,7.7282194288755885,11599.168487171835,13520.920908289516,80.24408051832211,13.0,119.0,15.00000000000203,5.363099626265466e-05,83.42320694687554
20261123,Persistence-MILP,1390.4006944444445,119.58701968820657,0.398611111111111,1834.0893878976262,21.63912258445537,11958.701968820656,13814.430479302737,78.84783068911612,18.0,113.0,15.000000000008145,0.1070747850026236,86.00903334271517
20261123,Point-Forecast-MILP,1390.4006944444445,119.34276878278246,0.3972222222222221,1824.0886558577872,18.34764988083008,11934.276878278246,13776.713184016864,79.19882637515731,16.0,110.0,15.000000112874364,0.1189358029951108,85.8333639069906
20261123,Fixed-Reserve-MILP,1390.4006944444445,119.28707152401373,0.3972222222222221,1836.1952257477974,16.605685244404608,11928.707152401374,13781.508063393574,80.4549501017455,16.0,111.0,15.000000044353074,0.1092550080065848,85.79330548427025
20261123,Residual-CVaR-MILP,1390.4006944444445,118.42160205824817,0.3902777777777777,2055.3956969267683,12.922831248713216,11842.160205824817,13910.4787340003,87.2543667020896,33.0,147.0,15.000000232592708,3.094842584003345,85.17084501713752
20261123,Risk-Adaptive-Residual-CVaR-MILP,1390.4006944444445,118.42433668064213,0.38888888888888884,1935.310549861239,12.582543468883452,11842.433668064212,13790.326761394334,87.23339101773087,23.0,123.0,15.000000228938736,3.958948675994179,85.17281180441321
20261123,Full-Risk-SOC-Supervisory-MILP,1390.4006944444445,115.62345344173359,0.37638888888888883,2123.360344137961,5.8757112172913475,11562.345344173356,13691.581399528612,110.99049703917959,41.0,135.0,15.000005011562182,2.3272617500042543,83.15836859383379
20261124,Rule-Based,1316.7166666666667,155.79504000365512,0.4652777777777777,1864.1575397788815,45.26937680122543,15579.504000365512,17488.93091694562,72.49670421106148,24.0,137.0,15.000000000154836,4.548100696410984e-05,118.32085364124536
20261124,Persistence-MILP,1316.7166666666667,171.80505322044766,0.5527777777777777,1820.7005258625627,47.182080581866686,17180.505322044766,19048.387928489195,67.62375461910575,25.0,142.0,15.00000375700829,0.0916379959962796,130.47989561443057
20261124,Point-Forecast-MILP,1316.7166666666667,169.25674073814136,0.5194444444444444,1808.1957885706877,47.110995487178606,16925.674073814134,18780.980857872,66.62354283381674,20.0,140.0,15.000002048980432,0.1183648440055549,128.54454190712354
20261124,Fixed-Reserve-MILP,1316.7166666666667,168.29007130939104,0.5180555555555554,1810.8909289752364,47.04108890226087,16829.007130939106,18686.9391488166,67.11487715225091,21.0,140.0,15.000003777430898,0.119881730992347,127.81039047331699
20261124,Residual-CVaR-MILP,1316.7166666666667,154.42318609935344,0.4472222222222221,1878.9395134357926,46.646851357471725,15442.318609935344,17367.904974728608,75.47597704034844,26.0,143.0,15.00005325380655,3.8227288860070985,117.27897884841343
20261124,Risk-Adaptive-Residual-CVaR-MILP,1316.7166666666667,152.26690515806374,0.436111111111111,1875.0682392293556,45.88872411716405,15226.690515806373,17147.647479152893,76.37272356171997,25.0,141.0,15.000056676027992,3.270642358009354,115.64135930893542
20261124,Full-Risk-SOC-Supervisory-MILP,1316.7166666666667,141.71456229443305,0.41666666666666663,2028.8601148102484,37.993504396659674,14171.456229443304,16238.30984865021,92.72490183091095,39.0,148.0,15.000409855905458,1.7752106560074026,107.62722602516338
20261125,Rule-Based,1352.03125,95.69945845122056,0.3861111111111111,1696.2454565326846,10.93787973111246,9569.945845122056,11277.129181385853,59.86363582633827,17.0,99.0,15.00000000000015,5.169499490875751e-05,70.7819870666603
20261125,Persistence-MILP,1352.03125,106.75762630111353,0.41388888888888886,1650.5248362399063,27.815845968088063,10675.762630111352,12354.103312319347,50.65065561519954,20.0,108.0,15.00000000000001,0.0935474750003777,78.9609162518348
20261125,Point-Forecast-MILP,1352.03125,105.30293525935431,0.40555555555555556,1665.4229071855298,36.00323190522148,10530.293525935429,12231.71966502618,47.618657159177765,16.0,115.0,15.00000000000001,0.1106281150132417,77.88498620823617
20261125,Fixed-Reserve-MILP,1352.03125,105.06346887764475,0.40555555555555556,1649.69568509114,15.310991400156565,10506.346887764475,12171.35356425577,55.67718742926793,17.0,101.0,15.00000000000001,0.104442123993067,77.70787019726413
20261125,Residual-CVaR-MILP,1352.03125,94.49502505404942,0.3861111111111111,1815.8632348201754,8.142755600082207,9449.502505404942,11273.508495825201,68.63152284635096,26.0,118.0,15.000000001932534,4.1349865829979535,69.89115455286216
20261125,Risk-Adaptive-Residual-CVaR-MILP,1352.03125,94.18473720104495,0.3861111111111111,1767.1960533927067,8.142755600130473,9418.473720104495,11193.812529097335,68.74996658261253,25.0,108.0,15.000000000138886,4.790748134997557,69.66165700759132
20261125,Full-Risk-SOC-Supervisory-MILP,1352.03125,89.81161103849212,0.3472222222222222,1967.948459281099,8.142755599981475,8981.161103849212,10957.252318730294,92.00841371299134,46.0,124.0,15.000000005676084,4.80235115600226,66.42717099807577
20261126,Rule-Based,1389.2791666666665,11.36565440573485,0.07916666666666661,1699.5910877518795,29.355327745889156,1136.565440573485,2865.5118560712535,80.11096768647687,35.0,69.0,16.34876050636394,6.65640109218657e-05,8.180972318907479
20261126,Persistence-MILP,1389.2791666666665,25.27078134210521,0.19444444444444442,1570.1386712129652,54.17352230794506,2527.0781342105206,4151.390327731431,67.54244744997867,32.0,62.0,15.000165882683724,0.0661265389935579,18.18985121812346
20261126,Point-Forecast-MILP,1389.2791666666665,19.301279349549365,0.1666666666666666,1565.212786718239,52.378758995905855,1930.1279349549366,3547.7194806690813,67.68407550705457,30.0,60.0,15.00214366533006,0.115033598995069,13.893017193844074
20261126,Fixed-Reserve-MILP,1389.2791666666665,16.776895608031246,0.1333333333333332,1557.6855436593157,50.878602410676926,1677.689560803125,3286.253706873117,68.64583813143507,29.0,57.0,15.017511826168764,0.1150528860016493,12.075971489793867
20261126,Residual-CVaR-MILP,1389.2791666666665,12.55227255655847,0.0972222222222221,1717.3029701311523,34.83128090200137,1255.227255655847,3007.3615066890006,79.20375577339453,33.0,75.0,16.281069468628083,3.151612293004291,9.035097378358781
20261126,Risk-Adaptive-Residual-CVaR-MILP,1389.2791666666665,14.074519066497349,0.0999999999999999,1677.343858973577,31.397210347306718,1407.4519066497346,3116.192975970618,80.17181158263269,28.0,66.0,15.829932184658563,3.208689539009356,10.130806971119208
20261126,Full-Risk-SOC-Supervisory-MILP,1389.2791666666665,12.070659845670779,0.09027777777777769,1796.7793422738105,18.390160045987624,1207.065984567078,3022.2354868868756,96.53857996111968,39.0,69.0,16.34876050636394,2.570566238995525,8.688433639030395
20261127,Rule-Based,1325.990277777778,11.006841253558651,0.1430555555555555,1633.7142122723476,48.70953245370019,1100.684125355865,2783.1078700819126,78.19720630424194,28.0,66.0,17.336049342221095,4.95939893880859e-05,8.300846120836553
20261127,Persistence-MILP,1325.990277777778,29.58679283344088,0.26111111111111096,1615.7341375709952,76.45349249509746,2958.679283344088,4650.866913410181,65.66766282464481,34.0,86.0,15.024547150179863,0.1037076229986269,22.31297870677097
20261127,Point-Forecast-MILP,1325.990277777778,18.50214551463555,0.1819444444444443,1533.2827462133682,75.10288380957292,1850.2145514635552,3458.6001814864967,66.63055127833927,26.0,67.0,15.158758696756946,0.1002619330101879,13.953454881768232
20261127,Fixed-Reserve-MILP,1325.990277777778,17.586517569381872,0.17916666666666647,1541.3797339144153,72.62330867378046,1758.6517569381872,3372.6547995263827,67.87322402255529,25.0,67.0,15.268099717729028,0.1260889859986491,13.262931006443765
20261127,Residual-CVaR-MILP,1325.990277777778,11.237135021611314,0.1499999999999999,1755.8315617751432,48.927009957234304,1123.7135021611314,2928.472073893509,85.54148471795614,28.0,87.0,17.92160533743552,3.463888792000944,8.474522935751525
20261127,Risk-Adaptive-Residual-CVaR-MILP,1325.990277777778,11.237135021611314,0.1499999999999999,1675.163799730331,44.74581690429682,1123.7135021611314,2843.623118795759,86.81367473823391,25.0,69.0,19.4950261782524,3.405564646003768,8.474522935751525
20261127,Full-Risk-SOC-Supervisory-MILP,1325.990277777778,11.254044287713452,0.148611111111111,1767.3539856853756,24.86728754306834,1125.404428771345,2917.625701999789,91.30450698947307,31.0,72.0,21.63867529439097,3.4532985370024107,8.487275115300289
20261128,Rule-Based,1370.3277777777778,0.2095906021751261,0.0069444444444444,1443.532517947834,3.3848063069331804,20.95906021751261,1467.8763844722798,52.38610144773757,33.0,38.0,24.753814227005797,4.381200415082276e-05,0.1529492473071029
20261128,Persistence-MILP,1370.3277777777778,3.5379017037461824,0.0319444444444444,1274.9160172393977,45.093258028268195,353.79017037461824,1673.7994456422841,37.32644691467509,19.0,31.0,15.939421785820995,0.112650000010035,2.581792298980831
20261128,Point-Forecast-MILP,1370.3277777777778,0.8117560006265506,0.0208333333333332,1227.8366554770275,42.55909416816852,81.17560006265506,1351.571349707851,35.172904750585886,14.0,23.0,16.302384397094624,0.0942761469923425,0.592380898782445
20261128,Fixed-Reserve-MILP,1370.3277777777778,0.7049550979475958,0.0166666666666665,1216.7816589646827,40.19660293285915,70.49550979475957,1327.4737716923014,36.636141254581474,15.0,19.0,17.84635315321757,0.0983746489946497,0.5144426825316216
20261128,Residual-CVaR-MILP,1370.3277777777778,0.8544746089804831,0.0138888888888888,1516.014502145756,10.452919400913096,85.4474608980483,1611.9148824447175,57.90155647282885,32.0,52.0,24.71610827763396,4.602637896998203,0.6235549062328436
20261128,Risk-Adaptive-Residual-CVaR-MILP,1370.3277777777778,0.9912569114976534,0.0152777777777777,1452.6948924492308,8.13820977042645,99.12569114976534,1559.9587933694224,57.773275416618425,31.0,39.0,24.71610827763396,4.631834296989837,0.7233721213074634
20261128,Full-Risk-SOC-Supervisory-MILP,1370.3277777777778,0.8544746089804829,0.0138888888888888,1538.0312069645088,0.0,85.44746089804829,1623.4786678625571,62.16519253694881,34.0,41.0,24.753814227005797,4.643189280002844,0.6235549062328434
20261129,Rule-Based,1376.334027777778,97.38044774033173,0.5722222222222222,1882.9866644281178,64.69535733688421,9738.044774033173,11685.726795798175,75.92312160031803,25.0,123.0,15.00000000064652,5.5706012062728405e-05,70.75349862384913
20261129,Persistence-MILP,1376.334027777778,120.05715624145986,0.6208333333333333,1828.9904658270311,64.70158624250928,12005.715624145985,13899.407676215527,71.05824227842587,29.0,127.0,15.000000000001812,0.0783488189917989,87.22966505108033
20261129,Point-Forecast-MILP,1376.334027777778,115.30384979444014,0.6,1827.489954143493,64.63045487334789,11530.384979444014,13422.505388460855,71.16953100424499,28.0,126.0,15.000000000005778,0.0901521000050706,83.77606559696062
20261129,Fixed-Reserve-MILP,1376.334027777778,113.53056198343906,0.5986111111111111,1828.2370937596975,64.66844763354095,11353.056198343906,13245.961739737144,71.97936690283412,27.0,125.0,15.000000000006311,0.1317413289943942,82.4876517561256
20261129,Residual-CVaR-MILP,1376.334027777778,98.20761747933187,0.5402777777777776,1982.412887420265,64.60582301107442,9820.76174793319,11867.780458364527,85.13042392069816,37.0,140.0,15.00000000554203,2.880714783997973,71.35449352937776
20261129,Risk-Adaptive-Residual-CVaR-MILP,1376.334027777778,97.02872945617727,0.5305555555555554,1936.589737558849,64.60279882783666,9702.872945617728,11704.065482004413,83.74751533746922,30.0,132.0,15.000000020540494,2.7375524530070834,70.49795144049398
20261129,Full-Risk-SOC-Supervisory-MILP,1376.334027777778,78.36302294656187,0.4819444444444444,2113.937002634284,64.32678732885121,7836.302294656189,10014.566084619324,107.09385390485369,52.0,140.0,15.000071754009475,2.351608918994316,56.936049945002395
20261130,Rule-Based,1399.0104166666667,31.2478141171298,0.19444444444444442,1611.0587414555794,50.535950670703414,3124.78141171298,4786.376103839263,72.79104983421846,25.0,59.0,15.04093280418918,5.094399966765195e-05,22.33565507795287
20261130,Persistence-MILP,1399.0104166666667,49.58943596755791,0.2652777777777776,1541.4677848448573,69.60738280852478,4958.943596755791,6570.018764409173,62.84866466501924,28.0,65.0,15.001901478399589,0.0920652979984879,35.446080584383004
20261130,Point-Forecast-MILP,1399.0104166666667,40.7283729323977,0.2277777777777777,1525.1003184143824,68.88316576622958,4072.8372932397697,5666.820777420382,63.56378283717565,21.0,60.0,15.008782994442548,0.1446240359946387,29.112272823127796
20261130,Fixed-Reserve-MILP,1399.0104166666667,38.79166864894439,0.22499999999999998,1531.2414292422968,66.34037787553558,3879.1668648944387,5476.748672012271,65.27686616854442,21.0,59.0,15.01298406929818,0.1454329639964271,27.72793410743205
20261130,Residual-CVaR-MILP,1399.0104166666667,28.133909478215344,0.19999999999999998,1767.5663411773642,52.73741637363884,2813.3909478215346,4633.694705372537,81.18070557936173,31.0,86.0,15.120390203672146,4.033246783001232,20.109864189037438
20261130,Risk-Adaptive-Residual-CVaR-MILP,1399.0104166666667,26.93964968223602,0.19999999999999998,1722.1182066568304,51.34527112247365,2693.964968223602,4467.428446002907,82.46440957556528,31.0,75.0,15.17292088854911,3.998861807005596,19.256218081937813
20261130,Full-Risk-SOC-Supervisory-MILP,1399.0104166666667,21.599442488929228,0.21111111111111108,1883.0630568707868,40.876706271392834,2159.9442488929226,4083.8840120351024,100.80420092763987,44.0,86.0,16.439895260498,4.002590301010059,15.439086250975063
20261131,Rule-Based,1359.7180555555556,68.32974723721192,0.3541666666666666,1794.10998060067,51.8667111073187,6832.974723721192,8678.951415429181,76.85511256738883,26.0,104.0,15.000045748488802,4.501199873629957e-05,50.25287923333022
20261131,Persistence-MILP,1359.7180555555556,99.25175493420554,0.5236111111111111,1796.3536130291561,68.94306611356197,9925.175493420553,11790.472172563272,70.30924581683155,39.0,121.0,15.000009687503988,0.1003327479993458,72.99436418357563
20261131,Point-Forecast-MILP,1359.7180555555556,96.52482082471036,0.49305555555555547,1797.2216440367802,68.90893228861984,9652.482082471037,11518.612658796437,70.88720588853451,37.0,120.0,15.000011103574984,0.0721311919915024,70.9888498062726
20261131,Fixed-Reserve-MILP,1359.7180555555556,93.75342875814502,0.4874999999999999,1776.7426421258838,68.90163959627989,9375.342875814502,11220.987157536667,71.42332793601256,32.0,115.0,15.000015666314717,0.0986510090006049,68.95063897628329
20261131,Residual-CVaR-MILP,1359.7180555555556,88.83803011750899,0.4055555555555555,1787.2598537224703,68.39753977293752,8883.803011750899,10739.460405246306,70.66396659532877,32.0,117.0,15.000004331821287,3.1299669449945213,65.33562583399794
20261131,Risk-Adaptive-Residual-CVaR-MILP,1359.7180555555556,79.75345260344663,0.3916666666666666,1784.1322508057706,68.26646391572211,7975.345260344663,9827.743975066156,72.23270096280349,31.0,114.0,15.000020979058542,3.404548774997238,58.65440432859505
20261131,Full-Risk-SOC-Supervisory-MILP,1359.7180555555556,74.18146565098834,0.3736111111111111,2070.888288810002,67.12174070129103,7418.146565098834,9556.156594610127,107.90805150234152,55.0,135.0,15.000020979058542,0.1102036380034405,54.55650555488077
