scenario,operation_state,method,total_unserved_energy_kwh,maximum_unserved_power_kw,unserved_points,critical_demand_energy_kwh,critical_unserved_energy_kwh,critical_maximum_unserved_power_kw,critical_served_fraction,essential_demand_energy_kwh,essential_unserved_energy_kwh,essential_maximum_unserved_power_kw,essential_served_fraction,interruptible_demand_energy_kwh,interruptible_unserved_energy_kwh,interruptible_maximum_unserved_power_kw,interruptible_served_fraction
base_v15_normalized,circulation,proportional-curtailment,74.72560499999997,152.5534,662,3078.987770444445,52.30792349999999,106.78737999999998,0.9830113246950476,879.7107915555557,14.945120999999999,30.510680000000008,0.9830113246950476,439.85539577777786,7.472560499999999,15.255340000000004,0.9830113246950476
base_v15_normalized,connection,proportional-curtailment,0.0,0.0,0,1086.3872651666666,0.0,0.0,1.0,362.12908838888893,0.0,0.0,1.0,362.12908838888893,0.0,0.0,1.0
base_v15_normalized,drilling,proportional-curtailment,223.29105222222228,483.6688,658,25778.767550097222,122.81007872222226,266.01784,0.9952359988318464,14061.145936416664,66.98731566666667,145.10064,0.9952359988318464,7030.572968208332,33.49365783333334,72.55032,0.9952359988318464
base_v15_normalized,idle,proportional-curtailment,0.0,0.0,0,249.6118389722222,0.0,0.0,1.0,71.3176682777778,0.0,0.0,1.0,35.6588341388889,0.0,0.0,1.0
base_v15_normalized,maintenance,proportional-curtailment,0.0,0.0,0,577.505781611111,0.0,0.0,1.0,165.00165188888892,0.0,0.0,1.0,82.50082594444446,0.0,0.0,1.0
base_v15_normalized,tripping,proportional-curtailment,68.20395722222221,575.9126,221,4586.814192729166,44.332572194444445,374.34319,0.9903347791448106,2116.991165875,20.461187166666665,172.77378,0.9903347791448106,352.83186097916666,3.4101978611111115,28.79563,0.9903347791448106
base_v15_normalized,circulation,priority-greedy,74.72560499999997,152.5534,662,3078.987770444445,0.0,0.0,1.0,879.7107915555557,9.665422763888877,65.75962000000001,0.989012954192823,439.85539577777786,65.0601822361111,86.79378000000001,0.8520873385648301
base_v15_normalized,connection,priority-greedy,0.0,0.0,0,1086.3872651666666,0.0,0.0,1.0,362.12908838888893,0.0,0.0,1.0,362.12908838888893,0.0,0.0,1.0
base_v15_normalized,drilling,priority-greedy,223.29105222222228,483.6687999999999,658,25778.767550097222,0.0,0.0,1.0,14061.145936416664,62.80413340277779,267.1184799999999,0.99553349821652,7030.572968208332,160.48691881944447,216.55031999999997,0.9771729957792696
base_v15_normalized,idle,priority-greedy,0.0,0.0,0,249.6118389722222,0.0,0.0,1.0,71.3176682777778,0.0,0.0,1.0,35.6588341388889,0.0,0.0,1.0
base_v15_normalized,maintenance,priority-greedy,0.0,0.0,0,577.505781611111,0.0,0.0,1.0,165.00165188888892,0.0,0.0,1.0,82.50082594444446,0.0,0.0,1.0
base_v15_normalized,tripping,priority-greedy,68.20395722222221,575.9126,221,4586.814192729166,11.288259201388891,227.33160499999997,0.9975389761330898,2116.991165875,44.95579003472223,298.78371,0.9787642996534939,352.83186097916666,11.959907986111112,50.318795,0.9661030952450824
base_v15_normalized,circulation,HiGHS-priority-LP,74.72560499999999,152.5534,662,3078.987770444445,0.0,0.0,1.0,879.7107915555557,9.665422763888877,65.75962000000001,0.989012954192823,439.85539577777786,65.0601822361111,86.79378000000001,0.8520873385648301
base_v15_normalized,connection,HiGHS-priority-LP,0.0,0.0,0,1086.3872651666666,0.0,0.0,1.0,362.12908838888893,0.0,0.0,1.0,362.12908838888893,0.0,0.0,1.0
base_v15_normalized,drilling,HiGHS-priority-LP,223.29105222222228,483.6687999999999,658,25778.767550097222,0.0,0.0,1.0,14061.145936416664,62.80413340277779,267.1184799999999,0.99553349821652,7030.572968208332,160.4869188194445,216.55031999999997,0.9771729957792696
base_v15_normalized,idle,HiGHS-priority-LP,0.0,0.0,0,249.6118389722222,0.0,0.0,1.0,71.3176682777778,0.0,0.0,1.0,35.6588341388889,0.0,0.0,1.0
base_v15_normalized,maintenance,HiGHS-priority-LP,0.0,0.0,0,577.505781611111,0.0,0.0,1.0,165.00165188888892,0.0,0.0,1.0,82.50082594444446,0.0,0.0,1.0
base_v15_normalized,tripping,HiGHS-priority-LP,68.20395722222221,575.9126,221,4586.814192729166,11.288259201388891,227.33160499999997,0.9975389761330898,2116.991165875,44.95579003472223,298.78371,0.9787642996534939,352.83186097916666,11.959907986111112,50.318795,0.9661030952450824
grid_derate_25pct,circulation,proportional-curtailment,134.61213291666667,211.39950000000016,835,3078.987770444445,94.22849304166664,147.9796500000001,0.9693962756376701,879.7107915555557,26.922426583333337,42.279900000000026,0.9693962756376701,439.85539577777786,13.461213291666668,21.139950000000013,0.9693962756376701
grid_derate_25pct,connection,proportional-curtailment,0.0,0.0,0,1086.3872651666666,0.0,0.0,1.0,362.12908838888893,0.0,0.0,1.0,362.12908838888893,0.0,0.0,1.0
grid_derate_25pct,drilling,proportional-curtailment,227.28221687500005,483.6688,700,25778.767550097222,125.00521928125006,266.01784,0.9951508457866218,14061.145936416664,68.1846650625,145.10064,0.9951508457866218,7030.572968208332,34.09233253125,72.55032,0.9951508457866218
grid_derate_25pct,idle,proportional-curtailment,0.0,0.0,0,249.6118389722222,0.0,0.0,1.0,71.3176682777778,0.0,0.0,1.0,35.6588341388889,0.0,0.0,1.0
grid_derate_25pct,maintenance,proportional-curtailment,0.0,0.0,0,577.505781611111,0.0,0.0,1.0,165.00165188888892,0.0,0.0,1.0,82.50082594444446,0.0,0.0,1.0
grid_derate_25pct,tripping,proportional-curtailment,68.20542975694444,575.9208749999999,221,4586.814192729166,44.3335293420139,374.34856874999997,0.9903345704710931,2116.991165875,20.461628927083332,172.77626249999997,0.9903345704710931,352.83186097916666,3.410271487847223,28.796043750000003,0.9903345704710931
grid_derate_25pct,circulation,priority-greedy,134.61213291666667,211.3995000000001,835,3078.987770444445,0.0,0.0,1.0,879.7107915555557,56.32358472916664,124.6057200000001,0.9359748848487217,439.85539577777786,78.2885481875,86.79378000000001,0.822012986679257
grid_derate_25pct,connection,priority-greedy,0.0,0.0,0,1086.3872651666666,0.0,0.0,1.0,362.12908838888893,0.0,0.0,1.0,362.12908838888893,0.0,0.0,1.0
grid_derate_25pct,drilling,priority-greedy,227.28221687500005,483.6687999999999,700,25778.767550097222,0.0,0.0,1.0,14061.145936416664,62.80571013888892,267.1184799999999,0.9955333860822659,7030.572968208332,164.4765067361111,216.55031999999997,0.9766055330796138
grid_derate_25pct,idle,priority-greedy,0.0,0.0,0,249.6118389722222,0.0,0.0,1.0,71.3176682777778,0.0,0.0,1.0,35.6588341388889,0.0,0.0,1.0
grid_derate_25pct,maintenance,priority-greedy,0.0,0.0,0,577.505781611111,0.0,0.0,1.0,165.00165188888892,0.0,0.0,1.0,82.50082594444446,0.0,0.0,1.0
grid_derate_25pct,tripping,priority-greedy,68.20542975694444,575.9208749999999,221,4586.814192729166,11.288734895833336,227.33988,0.997538872423974,2116.991165875,44.95671229166667,298.78371,0.9787638640083389,352.83186097916666,11.959982569444447,50.318795,0.9661028838601664
grid_derate_25pct,circulation,HiGHS-priority-LP,134.61213291666667,211.3995000000001,835,3078.987770444445,0.0,0.0,1.0,879.7107915555557,56.32358472916664,124.6057200000001,0.9359748848487217,439.85539577777786,78.2885481875,86.79378000000001,0.822012986679257
grid_derate_25pct,connection,HiGHS-priority-LP,0.0,0.0,0,1086.3872651666666,0.0,0.0,1.0,362.12908838888893,0.0,0.0,1.0,362.12908838888893,0.0,0.0,1.0
grid_derate_25pct,drilling,HiGHS-priority-LP,227.28221687500005,483.6687999999999,700,25778.767550097222,0.0,0.0,1.0,14061.145936416664,62.80571013888892,267.1184799999999,0.9955333860822659,7030.572968208332,164.47650673611113,216.55031999999997,0.9766055330796138
grid_derate_25pct,idle,HiGHS-priority-LP,0.0,0.0,0,249.6118389722222,0.0,0.0,1.0,71.3176682777778,0.0,0.0,1.0,35.6588341388889,0.0,0.0,1.0
grid_derate_25pct,maintenance,HiGHS-priority-LP,0.0,0.0,0,577.505781611111,0.0,0.0,1.0,165.00165188888892,0.0,0.0,1.0,82.50082594444446,0.0,0.0,1.0
grid_derate_25pct,tripping,HiGHS-priority-LP,68.20542975694444,575.9208749999999,221,4586.814192729166,11.288734895833336,227.33988,0.997538872423974,2116.991165875,44.95671229166667,298.78371,0.9787638640083389,352.83186097916666,11.959982569444447,50.318795,0.9661028838601664
one_generator_unavailable,circulation,proportional-curtailment,460.27240555555557,392.55339999999995,1436,3078.987770444445,322.1906838888889,274.78738,0.895358245011028,879.7107915555557,92.05448111111112,78.51068000000001,0.895358245011028,439.85539577777786,46.02724055555556,39.255340000000004,0.895358245011028
one_generator_unavailable,connection,proportional-curtailment,0.0,0.0,0,1086.3872651666666,0.0,0.0,1.0,362.12908838888893,0.0,0.0,1.0,362.12908838888893,0.0,0.0,1.0
one_generator_unavailable,drilling,proportional-curtailment,472.8079395833335,723.6687999999999,1187,25778.767550097222,260.0443667708334,398.01784,0.9899124593033598,14061.145936416664,141.842381875,217.10063999999997,0.9899124593033598,7030.572968208332,70.9211909375,108.55031999999999,0.9899124593033598
one_generator_unavailable,idle,proportional-curtailment,0.0,0.0,0,249.6118389722222,0.0,0.0,1.0,71.3176682777778,0.0,0.0,1.0,35.6588341388889,0.0,0.0,1.0
one_generator_unavailable,maintenance,proportional-curtailment,0.0,0.0,0,577.505781611111,0.0,0.0,1.0,165.00165188888892,0.0,0.0,1.0,82.50082594444446,0.0,0.0,1.0
one_generator_unavailable,tripping,proportional-curtailment,150.20779680555557,815.9125999999999,334,4586.814192729166,97.63506792361112,530.3431899999999,0.9787139692559645,2116.991165875,45.06233904166666,244.77378,0.9787139692559645,352.83186097916666,7.510389840277779,40.79563,0.9787139692559645
one_generator_unavailable,circulation,priority-greedy,460.2724055555556,392.55340000000007,1436,3078.987770444445,74.33059009722218,132.17206,0.9758587576051032,879.7107915555557,226.0404372222222,173.58756000000002,0.7430514216808408,439.85539577777786,159.90137823611113,89.0965,0.6364683035128755
one_generator_unavailable,connection,priority-greedy,0.0,0.0,0,1086.3872651666666,0.0,0.0,1.0,362.12908838888893,0.0,0.0,1.0,362.12908838888893,0.0,0.0,1.0
one_generator_unavailable,drilling,priority-greedy,472.8079395833335,723.6687999999999,1187,25778.767550097222,5.550795423611122,74.01783999999998,0.9997846756865771,14061.145936416664,261.14573013888895,433.10063999999994,0.981427848674655,7030.572968208332,206.11141402083337,231.267225,0.9706835538223055
one_generator_unavailable,idle,priority-greedy,0.0,0.0,0,249.6118389722222,0.0,0.0,1.0,71.3176682777778,0.0,0.0,1.0,35.6588341388889,0.0,0.0,1.0
one_generator_unavailable,maintenance,priority-greedy,0.0,0.0,0,577.505781611111,0.0,0.0,1.0,165.00165188888892,0.0,0.0,1.0,82.50082594444446,0.0,0.0,1.0
one_generator_unavailable,tripping,priority-greedy,150.20779680555557,815.9126,334,4586.814192729166,57.96277206944445,467.33160499999997,0.9873631741697049,2116.991165875,78.34701267361112,301.91276999999997,0.962991336980271,352.83186097916666,13.898012062500001,50.318795,0.9606100990315026
one_generator_unavailable,circulation,HiGHS-priority-LP,460.2724055555556,392.55340000000007,1436,3078.987770444445,74.33059009722218,132.17206,0.9758587576051032,879.7107915555557,226.0404372222222,173.58756000000002,0.7430514216808408,439.85539577777786,159.90137823611113,89.0965,0.6364683035128755
one_generator_unavailable,connection,HiGHS-priority-LP,0.0,0.0,0,1086.3872651666666,0.0,0.0,1.0,362.12908838888893,0.0,0.0,1.0,362.12908838888893,0.0,0.0,1.0
one_generator_unavailable,drilling,HiGHS-priority-LP,472.8079395833335,723.6687999999999,1187,25778.767550097222,5.550795423611122,74.01783999999998,0.9997846756865771,14061.145936416664,261.14573013888895,433.10063999999994,0.981427848674655,7030.572968208332,206.11141402083337,231.267225,0.9706835538223055
one_generator_unavailable,idle,HiGHS-priority-LP,0.0,0.0,0,249.6118389722222,0.0,0.0,1.0,71.3176682777778,0.0,0.0,1.0,35.6588341388889,0.0,0.0,1.0
one_generator_unavailable,maintenance,HiGHS-priority-LP,0.0,0.0,0,577.505781611111,0.0,0.0,1.0,165.00165188888892,0.0,0.0,1.0,82.50082594444446,0.0,0.0,1.0
one_generator_unavailable,tripping,HiGHS-priority-LP,150.20779680555557,815.9126,334,4586.814192729166,57.96277206944445,467.33160499999997,0.9873631741697049,2116.991165875,78.34701267361112,301.91276999999997,0.962991336980271,352.83186097916666,13.898012062500001,50.318795,0.9606100990315026
storage_derate_350kw,circulation,proportional-curtailment,74.72560499999997,152.5534,662,3078.987770444445,52.30792349999999,106.78737999999998,0.9830113246950476,879.7107915555557,14.945120999999999,30.510680000000008,0.9830113246950476,439.85539577777786,7.472560499999999,15.255340000000004,0.9830113246950476
storage_derate_350kw,connection,proportional-curtailment,0.0,0.0,0,1086.3872651666666,0.0,0.0,1.0,362.12908838888893,0.0,0.0,1.0,362.12908838888893,0.0,0.0,1.0
storage_derate_350kw,drilling,proportional-curtailment,223.29105222222228,483.6688,658,25778.767550097222,122.81007872222226,266.01784,0.9952359988318464,14061.145936416664,66.98731566666667,145.10064,0.9952359988318464,7030.572968208332,33.49365783333334,72.55032,0.9952359988318464
storage_derate_350kw,idle,proportional-curtailment,0.0,0.0,0,249.6118389722222,0.0,0.0,1.0,71.3176682777778,0.0,0.0,1.0,35.6588341388889,0.0,0.0,1.0
storage_derate_350kw,maintenance,proportional-curtailment,0.0,0.0,0,577.505781611111,0.0,0.0,1.0,165.00165188888892,0.0,0.0,1.0,82.50082594444446,0.0,0.0,1.0
storage_derate_350kw,tripping,proportional-curtailment,68.20395722222221,575.9126,221,4586.814192729166,44.332572194444445,374.34319,0.9903347791448106,2116.991165875,20.461187166666665,172.77378,0.9903347791448106,352.83186097916666,3.4101978611111115,28.79563,0.9903347791448106
storage_derate_350kw,circulation,priority-greedy,74.72560499999997,152.5534,662,3078.987770444445,0.0,0.0,1.0,879.7107915555557,9.665422763888877,65.75962000000001,0.989012954192823,439.85539577777786,65.0601822361111,86.79378000000001,0.8520873385648301
storage_derate_350kw,connection,priority-greedy,0.0,0.0,0,1086.3872651666666,0.0,0.0,1.0,362.12908838888893,0.0,0.0,1.0,362.12908838888893,0.0,0.0,1.0
storage_derate_350kw,drilling,priority-greedy,223.29105222222228,483.6687999999999,658,25778.767550097222,0.0,0.0,1.0,14061.145936416664,62.80413340277779,267.1184799999999,0.99553349821652,7030.572968208332,160.48691881944447,216.55031999999997,0.9771729957792696
storage_derate_350kw,idle,priority-greedy,0.0,0.0,0,249.6118389722222,0.0,0.0,1.0,71.3176682777778,0.0,0.0,1.0,35.6588341388889,0.0,0.0,1.0
storage_derate_350kw,maintenance,priority-greedy,0.0,0.0,0,577.505781611111,0.0,0.0,1.0,165.00165188888892,0.0,0.0,1.0,82.50082594444446,0.0,0.0,1.0
storage_derate_350kw,tripping,priority-greedy,68.20395722222221,575.9126,221,4586.814192729166,11.288259201388891,227.33160499999997,0.9975389761330898,2116.991165875,44.95579003472223,298.78371,0.9787642996534939,352.83186097916666,11.959907986111112,50.318795,0.9661030952450824
storage_derate_350kw,circulation,HiGHS-priority-LP,74.72560499999999,152.5534,662,3078.987770444445,0.0,0.0,1.0,879.7107915555557,9.665422763888877,65.75962000000001,0.989012954192823,439.85539577777786,65.0601822361111,86.79378000000001,0.8520873385648301
storage_derate_350kw,connection,HiGHS-priority-LP,0.0,0.0,0,1086.3872651666666,0.0,0.0,1.0,362.12908838888893,0.0,0.0,1.0,362.12908838888893,0.0,0.0,1.0
storage_derate_350kw,drilling,HiGHS-priority-LP,223.29105222222228,483.6687999999999,658,25778.767550097222,0.0,0.0,1.0,14061.145936416664,62.80413340277779,267.1184799999999,0.99553349821652,7030.572968208332,160.4869188194445,216.55031999999997,0.9771729957792696
storage_derate_350kw,idle,HiGHS-priority-LP,0.0,0.0,0,249.6118389722222,0.0,0.0,1.0,71.3176682777778,0.0,0.0,1.0,35.6588341388889,0.0,0.0,1.0
storage_derate_350kw,maintenance,HiGHS-priority-LP,0.0,0.0,0,577.505781611111,0.0,0.0,1.0,165.00165188888892,0.0,0.0,1.0,82.50082594444446,0.0,0.0,1.0
storage_derate_350kw,tripping,HiGHS-priority-LP,68.20395722222221,575.9126,221,4586.814192729166,11.288259201388891,227.33160499999997,0.9975389761330898,2116.991165875,44.95579003472223,298.78371,0.9787642996534939,352.83186097916666,11.959907986111112,50.318795,0.9661030952450824
joint_extreme,circulation,proportional-curtailment,637.234085878472,473.097945,1436,3155.9624647055552,446.0638601149305,331.16856149999995,0.8586599602804379,901.7035613444443,127.44681717569442,94.619589,0.8586599602804379,450.85178067222216,63.72340858784721,47.3097945,0.8586599602804379
joint_extreme,connection,proportional-curtailment,0.0,0.0,0,1113.5469467958333,0.0,0.0,1.0,371.1823155986111,0.0,0.0,1.0,371.1823155986111,0.0,0.0,1.0
joint_extreme,drilling,proportional-curtailment,884.8018684756943,759.7605199999998,2512,26423.23673884965,486.6410276616318,417.8682859999999,0.9815828381484343,14412.67458482708,265.4405605427083,227.92815599999992,0.9815828381484343,7206.33729241354,132.72028027135414,113.96407799999996,0.9815828381484343
joint_extreme,idle,proportional-curtailment,0.0,0.0,0,255.85213494652774,0.0,0.0,1.0,73.10060998472223,0.0,0.0,1.0,36.55030499236111,0.0,0.0,1.0
joint_extreme,maintenance,proportional-curtailment,0.0,0.0,0,591.9434261513888,0.0,0.0,1.0,169.1266931861111,0.0,0.0,1.0,84.56334659305556,0.0,0.0,1.0
joint_extreme,tripping,proportional-curtailment,157.22757304513888,840.8195174999998,336,4701.484547547396,102.19792247934026,546.5326863749999,0.9782626271668481,2169.915945021875,47.16827191354166,252.24585524999995,0.9782626271668481,361.65265750364586,7.861378652256943,42.040975875,0.9782626271668481
joint_extreme,circulation,priority-greedy,637.2340858784721,473.097945,1436,3155.9624647055552,160.08813162430545,206.20707149999993,0.9492743866840503,901.7035613444443,313.24704156215273,182.64782499999998,0.6526052962515754,450.85178067222216,163.89891269201388,91.32391249999999,0.6364683035128755
joint_extreme,connection,priority-greedy,0.0,0.0,0,1113.5469467958333,0.0,0.0,1.0,371.1823155986111,0.0,0.0,1.0,371.1823155986111,0.0,0.0,1.0
joint_extreme,drilling,priority-greedy,884.8018684756943,759.7605199999998,2512,26423.23673884965,9.130436552604168,93.8682859999999,0.9996544542728492,14412.67458482708,306.49337841093745,443.9281559999999,0.9787344551070627,7206.33729241354,569.1780535121526,237.04890562499997,0.9210170117749895
joint_extreme,idle,priority-greedy,0.0,0.0,0,255.85213494652774,0.0,0.0,1.0,73.10060998472223,0.0,0.0,1.0,36.55030499236111,0.0,0.0,1.0
joint_extreme,maintenance,priority-greedy,0.0,0.0,0,591.9434261513888,0.0,0.0,1.0,169.1266931861111,0.0,0.0,1.0,84.56334659305556,0.0,0.0,1.0
joint_extreme,tripping,priority-greedy,157.22757304513885,840.8195174999998,336,4701.484547547396,61.93642301006943,483.5239976249999,0.9868261987498439,2169.915945021875,80.94230052031249,309.46058924999994,0.9626979557867176,361.65265750364586,14.348849514756944,51.576764874999995,0.9603242248686855
joint_extreme,circulation,HiGHS-priority-LP,637.2340858784721,473.097945,1436,3155.9624647055552,160.08813162430545,206.20707149999993,0.9492743866840503,901.7035613444443,313.24704156215273,182.64782499999998,0.6526052962515754,450.85178067222216,163.89891269201388,91.32391249999999,0.6364683035128755
joint_extreme,connection,HiGHS-priority-LP,0.0,0.0,0,1113.5469467958333,0.0,0.0,1.0,371.1823155986111,0.0,0.0,1.0,371.1823155986111,0.0,0.0,1.0
joint_extreme,drilling,HiGHS-priority-LP,884.8018684756943,759.7605199999998,2512,26423.23673884965,9.130436552604168,93.8682859999999,0.9996544542728492,14412.67458482708,306.49337841093745,443.9281559999999,0.9787344551070627,7206.33729241354,569.1780535121526,237.04890562499997,0.9210170117749895
joint_extreme,idle,HiGHS-priority-LP,0.0,0.0,0,255.85213494652774,0.0,0.0,1.0,73.10060998472223,0.0,0.0,1.0,36.55030499236111,0.0,0.0,1.0
joint_extreme,maintenance,HiGHS-priority-LP,0.0,0.0,0,591.9434261513888,0.0,0.0,1.0,169.1266931861111,0.0,0.0,1.0,84.56334659305556,0.0,0.0,1.0
joint_extreme,tripping,HiGHS-priority-LP,157.22757304513885,840.8195174999998,336,4701.484547547396,61.93642301006943,483.5239976249999,0.9868261987498439,2169.915945021875,80.94230052031249,309.46058924999994,0.9626979557867176,361.65265750364586,14.348849514756944,51.576764874999995,0.9603242248686855
